case,frame,timestamp_s,command_rad,feedback_rad,predicted_force_n,measured_force_n
no_adjustment,0,0.0,0.45,0.3,2.8000000000000003,0.9999999999999998
no_adjustment,1,0.03333333333333333,0.45,0.327,2.8000000000000003,1.5688993332949726
no_adjustment,2,0.06666666666666667,0.45,0.36750000000000005,3.0160000000000005,2.4038956514917253
no_adjustment,3,0.1,0.45,0.40989000000000003,3.3400000000000007,3.2694130633084058
no_adjustment,4,0.13333333333333333,0.45,0.445935,3.6791200000000006,3.998358734103603
no_adjustment,5,0.16666666666666666,0.45,0.4711773,3.9674800000000006,4.500492051453826
no_adjustment,6,0.2,0.45,0.48453015000000005,4.1694184000000005,4.75444437818242
no_adjustment,7,0.23333333333333334,0.45,0.48739466100000006,4.276241200000001,4.79000779303019
no_adjustment,8,0.26666666666666666,0.45,0.48261148950000005,4.299157288000001,4.666929751425326
no_adjustment,9,0.3,0.45,0.47348886477,4.260891916,4.455077333974675
no_adjustment,10,0.3333333333333333,0.45,0.463057484295,4.18791091816,4.219035112869811
no_adjustment,11,0.36666666666666664,0.45,0.4536137983989,4.10445987436,4.008434589795581
no_adjustment,12,0.4,0.45,0.44654160827774997,4.0289103871912,3.853886114101174
no_adjustment,13,0.43333333333333335,0.45,0.442355029505373,3.972332866222,3.767441856003857
no_adjustment,14,0.4666666666666667,0.45,0.4408842506291895,3.938840236042984,3.746071949275385
no_adjustment,15,0.5,0.45,0.44152495588013063,3.9270740050335164,3.776603466110888
no_adjustment,16,0.5333333333333333,0.45,0.4434861433923471,3.9321996470410454,3.84082353455197
no_adjustment,17,0.5666666666666667,0.45,0.4459922450900318,3.947889147138777,3.9198449018006363
no_adjustment,18,0.6,0.45,0.4484177901282517,3.967937960720255,3.997255135860007
no_adjustment,19,0.6333333333333333,0.45,0.45035195853115595,3.987342321026014,4.060934822114843
no_adjustment,20,0.6666666666666666,0.45,0.45160384050952274,4.002815668249248,4.10368987349886
no_adjustment,21,0.7,0.45,0.45216642896309805,4.012830724076182,4.122987313365564
no_adjustment,22,0.7333333333333333,0.45,0.45215903189817164,4.017331431704784,4.120126689417258
no_adjustment,23,0.7666666666666667,0.45,0.4517653761523508,4.0172722551853735,4.0991489012294355
no_adjustment,24,0.8,0.45,0.45117992253776945,4.014123009218807,4.065713023785578
no_adjustment,25,0.8333333333333334,0.45,0.45056942802305566,4.009439380302156,4.026088521886439
no_adjustment,26,0.8666666666666667,0.45,0.4500517947089003,4.004555424184446,3.9863359327526795
no_adjustment,27,0.9,0.45,0.44969048100767256,4.000414357671202,3.9516950471232626
no_adjustment,28,0.9333333333333333,0.45,0.44950050110945666,3.997523848061381,3.926168644006714
no_adjustment,29,0.9666666666666667,0.45,0.44946122457896764,3.9960040088756537,3.9122784401255273
no_adjustment,30,1.0,0.45,0.44953149611402093,3.9956897966317415,3.910971188176816
no_adjustment,31,1.0333333333333334,0.45,0.4496636114573334,3.996251968912168,3.921659165838263
no_adjustment,32,1.0666666666666667,0.45,0.44981399982846587,3.9973088916586677,3.942384345077593
no_adjustment,33,1.1,0.45,0.4499497439517121,3.9985119986277273,3.9700955457392704
no_adjustment,34,1.1333333333333333,0.45,0.45005109604421134,3.9995979516136972,4.001021920884227
no_adjustment,35,1.1666666666666667,0.45,0.45011081817915277,4.000408768353691,4.031115696878028
no_adjustment,36,1.2,0.45,0.4501314819586655,4.0008865454332225,4.056525290665034
no_adjustment,37,1.2333333333333334,0.45,0.4501218665761743,4.001051855669324,4.074050394831891
no_adjustment,38,1.2666666666666666,0.45,0.45009339213236893,4.000974932609395,4.081526576750981
no_adjustment,39,1.3,0.45,0.4500572189267549,4.000747137058951,4.078090429988923
no_adjustment,40,1.3333333333333333,0.45,0.45002232174012147,4.000457751414039,4.064287812984848
no_adjustment,41,1.3666666666666667,0.45,0.44999457373998886,4.000178573920972,4.0420060478299655
no_adjustment,42,1.4,0.45,0.4499766818267007,3.999956589919911,4.01423359795934
no_adjustment,43,1.4333333333333333,0.45,0.4499687125968586,3.999813454613606,3.9846742905118466
no_adjustment,44,1.4666666666666666,0.45,0.4499689252531315,3.9997497007748692,3.957263932032441
no_adjustment,45,1.5,0.45,0.44997466331383335,3.999751402025052,3.9356518880942475
no_adjustment,46,1.5333333333333334,0.45,0.4499831257986206,3.999797306510667,3.9227164645185866
no_adjustment,47,1.5666666666666667,0.45,0.44999191764452423,3.999865006388965,3.920179618786882
no_adjustment,48,1.6,0.45,0.44999935092372434,3.999935341156194,3.928373955166082
no_adjustment,49,1.6333333333333333,0.45,0.45000452238731004,3.999994807389795,3.9461947962544763
no_adjustment,50,1.6666666666666667,0.45,0.4500072249528325,4.000036179098481,3.9712451657616787
no_adjustment,51,1.7,0.45,0.45000776220587796,4.0000577996226605,4.000155244117559
no_adjustment,52,1.7333333333333334,0.45,0.45000673034089084,4.0000620976470245,4.029033940112789
no_adjustment,53,1.7666666666666666,0.45,0.4500048172113392,4.000053842727127,4.053991995718509
no_adjustment,54,1.8,0.45,0.45000264918520305,4.000038537690714,4.0716660470124655
no_adjustment,55,1.8333333333333333,0.45,0.45000069807409393,4.000021193481625,4.079672695585481
no_adjustment,56,1.8666666666666667,0.45,0.44999924566520283,4.000005584592752,4.076930964757882
no_adjustment,57,1.9,0.45,0.44999839380742035,3.999993965321623,4.063809254330827
no_adjustment,58,1.9333333333333333,0.45,0.4499981036587926,3.999987150459363,4.0420766462060405
no_adjustment,59,1.9666666666666666,0.45,0.4499982476991431,3.9999848292703413,4.014664915408187
no_adjustment,60,2.0,0.45,0.44999866106073566,3.999985981593145,3.9852732597893876
no_adjustment,61,2.033333333333333,0.45,0.4499991831556862,3.9999892884858856,3.957869090083536
no_adjustment,62,2.066666666666667,0.45,0.44999968521222905,3.99999346524549,3.9361523260621616
no_adjustment,63,2.1,0.45,0.450000083272477,3.9999974816978328,3.9230556139957145
no_adjustment,64,2.1333333333333333,0.45,0.4500003389643997,4.000000666179816,3.9203480451843924
no_adjustment,65,2.1666666666666665,0.45,0.4500004518213152,4.000002711715198,3.9283959731178992
no_adjustment,66,2.2,0.45,0.450000447236181,4.000003614570522,3.946113293231895
no_adjustment,67,2.2333333333333334,0.45,0.45000036361577717,4.000003577889448,3.9711079390205715
no_adjustment,68,2.2666666666666666,0.45,0.45000024130306265,4.000002908926218,4.000004826061253
no_adjustment,69,2.3,0.45,0.45000011469586554,4.000001930424501,4.028901627212282
no_adjustment,70,2.3333333333333335,0.45,0.4500000079577157,4.000000917566925,4.053895810646039
no_adjustment,71,2.3666666666666667,0.45,0.449999933943385,4.000000063661727,4.071611742176105
no_adjustment,72,2.4,0.45,0.4499998955038308,3.9999994715470804,4.0796566441802184
no_adjustment,73,2.433333333333333,0.45,0.4499998881742444,3.9999991640306467,4.076943814938714
no_adjustment,74,2.466666666666667,0.45,0.44999990331876166,3.9999991053939556,4.063839444557652
no_adjustment,75,2.5,0.45,0.4499999310196563,3.9999992265500937,4.042113193423314
no_adjustment,76,2.533333333333333,0.45,0.44999996227272654,3.9999994481572507,4.014699206879857
no_adjustment,77,2.566666666666667,0.45,0.4499999903157235,3.9999996981818127,3.9852998448891443
no_adjustment,78,2.6,0.45,0.4500000111281312,3.9999999225257885,3.957885649532436
no_adjustment,79,2.6333333333333333,0.45,0.4500000232775048,4.00000008902505,3.936159087367677
no_adjustment,80,2.6666666666666665,0.45,0.45000002734912803,4.0000001862200385,3.923054495528735
no_adjustment,81,2.7,0.45,0.4500000251949888,4.000000218793025,3.9203417697961727
no_adjustment,82,2.7333333333333334,0.45,0.4500000191950761,4.00000020155991,3.928387320593117
no_adjustment,83,2.7666666666666666,0.45,0.4500000116600218,4.00000015356061,3.9461045817087115
no_adjustment,84,2.8,0.45,0.4500000044373809,4.000000093280175,3.971100755452646
no_adjustment,85,2.8333333333333335,0.45,0.4499999987272566,4.000000035499047,3.999999974545132
no_adjustment,86,2.8666666666666667,0.45,0.4499999950734659,3.999999989818053,4.02889923476429
no_adjustment,87,2.9,0.45,0.44999999347566433,3.9999999605877274,4.053895521005011
no_adjustment,88,2.933333333333333,0.45,0.4499999935635397,3.999999947805315,4.071612934579199
no_adjustment,89,2.966666666666667,0.45,0.4499999947818578,3.999999948508318,4.079658629740759
no_adjustment,90,3.0,0.45,0.44999999654957973,3.999999958254863,4.07694598244542
no_adjustment,91,3.033333333333333,0.45,0.44999999837270627,3.999999972396638,4.063841345636544
no_adjustment,92,3.066666666666667,0.45,0.44999999990534517,3.9999999869816505,4.042114571137092
no_adjustment,93,3.1,0.45,0.4500000009645775,3.9999999992427617,4.014699980716876
no_adjustment,94,3.1333333333333333,0.45,0.45000000151123154,4.00000000771662,3.985300068799305
no_adjustment,95,3.1666666666666665,0.45,0.4500000016109346,4.000000012089853,3.9578854591885038
no_adjustment,96,3.2,0.45,0.4500000013887645,4.000000012887478,3.9361586495928704
no_adjustment,97,3.2333333333333334,0.45,0.4500000009877112,4.000000011110116,3.9230539683003984
no_adjustment,98,3.2666666666666666,0.45,0.45000000053720696,4.00000000790169,3.9203412766405363
no_adjustment,99,3.3,0.45,0.4500000001341668,4.000000004297656,3.9283869393749313
no_adjustment,100,3.3333333333333335,0.45,0.44999999983594946,4.000000001073335,3.9461043452272646
no_adjustment,101,3.3666666666666667,0.45,0.4499999996626908,3.999999998687596,3.971100659958843
no_adjustment,102,3.4,0.45,0.44999999960559056,3.9999999973015266,3.9999999921118112
no_adjustment,103,3.433333333333333,0.45,0.4499999996377561,3.999999996844725,4.0288993260500945
no_adjustment,104,3.466666666666667,0.45,0.44999999972483257,3.9999999971020492,4.0538956459883755
no_adjustment,105,3.5,0.45,0.4499999998335747,3.999999997798661,4.0716130599798985
no_adjustment,106,3.533333333333333,0.45,0.4499999999374759,3.999999998668598,4.0796587328531215
no_adjustment,107,3.566666666666667,0.45,0.45000000001938306,3.9999999994998077,4.076946051841487
no_adjustment,108,3.6,0.45,0.45000000007159097,4.000000000155065,4.063841379614239
no_adjustment,109,3.6333333333333333,0.45,0.450000000094206,4.000000000572728,4.042114574914308
no_adjustment,110,3.6666666666666665,0.45,0.45000000009262714,4.000000000753648,4.014699963277868
no_adjustment,111,3.7,0.45,0.4500000000748806,4.000000000741018,3.985300040072287
no_adjustment,112,3.7333333333333334,0.45,0.4500000000493345,4.000000000599045,3.957885427956502
no_adjustment,113,3.7666666666666666,0.45,0.45000000002308294,4.000000000394676,3.93615862227924
no_adjustment,114,3.8,0.45,0.4500000000010769,4.000000000184664,3.923053948567713
no_adjustment,115,3.8333333333333335,0.45,0.449999999985919,4.000000000008615,3.9203412656147774
no_adjustment,116,3.8666666666666667,0.45,0.4499999999781462,3.9999999998873523,3.9283869362545194
no_adjustment,117,3.9,0.45,0.4499999999767944,3.99999999982517,3.9461043480441638
no_adjustment,118,3.933333333333333,0.45,0.4499999999800522,3.9999999998143556,3.971100666306071
no_adjustment,119,3.966666666666667,0.45,0.4499999999858581,3.999999999840418,3.9999999997171622
no_adjustment,120,4.0,0.45,0.44999999999235163,3.999999999886865,4.028899333142005
weak_regularization,0,0.0,0.45,0.3,2.8000000000000003,0.9999999999999998
weak_regularization,1,0.03333333333333333,0.85,0.399,7.6,3.0088993332949725
weak_regularization,2,0.06666666666666667,0.8175586206896551,0.541660551724138,8.002703448275861,5.887106685974484
weak_regularization,3,0.1,0.7228837631391201,0.6712899049512485,8.007889571462545,8.497411162333375
weak_regularization,4,0.13333333333333333,0.6364072612953052,0.7531589892876139,8.00720637515365,10.142838519855882
weak_regularization,5,0.16666666666666666,0.5816078916529956,0.7779507690621111,8.00456661413686,10.635961432696048
weak_regularization,6,0.2,0.5648160969771746,0.7564449383334807,8.001399316222985,10.192740144852033
weak_regularization,7,0.23333333333333334,0.578938634599745,0.7098698387659396,7.9988231218647865,9.23951134834898
weak_regularization,8,0.26666666666666666,0.6098719594004797,0.6601991527742288,7.997422222933273,8.218683016909901
weak_regularization,9,0.3,0.6429707123660311,0.6233219670263899,7.997241770586204,7.451739379102472
weak_regularization,10,0.3333333333333333,0.6676142198471214,0.606218086225591,7.997946374376577,7.082247151481632
weak_regularization,11,0.36666666666666664,0.6791081237392441,0.6077076540335055,7.999042174675658,7.090311702487691
weak_regularization,12,0.4,0.6782011954242945,0.6214093975932292,8.000075577359578,7.351241900410759
weak_regularization,13,0.43333333333333335,0.6691234415618915,0.6393151111282006,8.000756479488533,7.70664348846041
weak_regularization,14,0.4666666666666667,0.657206019125894,0.654711359771566,8.000993118536332,8.022614132122916
weak_regularization,15,0.5,0.6469304515934866,0.6637802453770002,8.000856297294368,8.221709256048278
weak_regularization,16,0.5333333333333333,0.6408553578993205,0.6658206078427131,8.000506257807846,8.28751282355929
weak_regularization,17,0.5666666666666667,0.639462600034475,0.662463612913915,8.000116063155405,8.2492722582783
weak_regularization,18,0.6,0.6416755569675768,0.6564390062919914,7.999815586922242,8.157679459134801
weak_regularization,19,0.6333333333333333,0.6456795238133545,0.6504055669429287,7.999666336096185,8.0620069903503
weak_regularization,20,0.6666666666666666,0.6497016903261531,0.6461761303945465,7.9996648194572675,7.995135671199334
weak_regularization,21,0.7,0.6525296080858599,0.6444437395260829,7.999764340186691,7.968533524625261
weak_regularization,22,0.7333333333333333,0.6536960731971165,0.6449311337963138,7.999902794574062,7.975568727380102
weak_regularization,23,0.7666666666666667,0.6533814291637998,0.6467836150662183,8.000026220336109,7.999513679506785
weak_regularization,24,0.8,0.6521527888469438,0.6490097536102839,8.000102386693072,8.022309645235866
weak_regularization,25,0.8333333333333334,0.6506704582224806,0.650822454650444,8.000123527552038,8.031149054434206
weak_regularization,26,0.8666666666666667,0.649460102150206,0.65180986790771,8.000100863006024,8.021497396728876
weak_regularization,27,0.9,0.6487980191931727,0.6519391761540342,8.000055173579753,7.996668950050495
weak_regularization,28,0.9333333333333333,0.6487078421269372,0.6514454656366572,8.00000751475552,7.965067934550724
weak_regularization,29,0.9666666666666667,0.6490340906276403,0.6506756949832178,7.99997281262494,7.9365678482105295
weak_regularization,30,1.0,0.6495459818775084,0.6499489025798513,7.999957342395843,7.919319317493422
weak_regularization,31,1.0333333333333334,0.650030698856633,0.6494694070753828,7.999959606918406,7.917775078199251
weak_regularization,32,1.0666666666666667,0.6503515008249648,0.649302127007269,7.999973266502641,7.932146888653655
weak_regularization,33,1.1,0.6504644641939804,0.6493975972545596,7.999990586385916,7.95905261179622
weak_regularization,34,1.1333333333333333,0.6504020353638362,0.649643315882387,8.000005202402512,7.99286631764774
weak_regularization,35,1.1666666666666667,0.6502389221424462,0.6499176136761203,8.00001359276845,8.02725160681738
weak_regularization,36,1.2,0.6500561931671373,0.650129080484242,8.000015227414611,8.056477261176566
weak_regularization,37,1.2333333333333334,0.6499149273564131,0.6502343303507555,8.000011772150893,8.076299670323515
weak_regularization,38,1.2666666666666666,0.6498442704391992,0.6502356894759046,8.000005888076434,8.084372523621695
weak_regularization,39,1.3,0.6498428833155335,0.6501659085721392,8.00000011559364,8.08026422289661
weak_regularization,40,1.3333333333333333,0.6498890735199322,0.6500686272481815,7.999996150816299,8.065213923146048
weak_regularization,41,1.3666666666666667,0.6499537990185829,0.6499818068665625,7.999994606208446,8.041750710361438
weak_regularization,42,1.4,0.6500117264815763,0.6499281545377641,7.999995172711416,8.013263052180607
weak_regularization,43,1.4333333333333333,0.6500476475231464,0.6499131796915499,7.999997006579869,7.983563632405673
weak_regularization,44,1.4666666666666666,0.6500578096354094,0.649929030186019,7.9999991531573125,7.9564660306901915
weak_regularization,45,1.5,0.6500473855984662,0.6499611124964985,8.000000868669746,7.935380871747551
weak_regularization,46,1.5333333333333334,0.6500260730064457,0.649994621359415,8.000001776049334,7.922946375734474
weak_regularization,47,1.5666666666666667,0.6500037408448456,0.6500190488935758,8.000001861013466,7.920722243767912
weak_regularization,48,1.6,0.649987414117666,0.6500299653571413,8.0000013605606,7.928986243834421
weak_regularization,49,1.6333333333333333,0.6499800740678076,0.6500284081202858,8.00000061167082,7.946672510913992
weak_regularization,50,1.6666666666666667,0.6499810544449681,0.6500188255376669,7.999999918301905,7.9714771774583655
weak_regularization,51,1.7,0.6499874055367514,0.6500066537813213,7.999999470742352,8.000133075626426
weak_regularization,52,1.7333333333333334,0.6499955078795167,0.6499963707246814,7.99999932480477,8.028826747788601
weak_regularization,53,1.7666666666666666,0.6500023718504144,0.6499904584487982,7.9999994280024245,8.05370482046769
weak_regularization,54,1.8,0.6500063335225227,0.649989295614468,7.9999996698606575,8.071398975597766
weak_regularization,55,1.8333333333333333,0.6500071307209213,0.6499917152062852,7.999999933566801,8.079493038229307
weak_regularization,56,1.8666666666666667,0.65000553428219,0.6499958479623836,8.000000133036561,8.076863010701498
weak_regularization,57,1.9,0.6500027871027128,0.6499999072817898,8.000000228931622,8.063839523818215
weak_regularization,58,1.9333333333333333,0.6500000806072476,0.6500026988175684,8.000000225541289,8.042168549381557
weak_regularization,59,1.9666666666666666,0.6499982137525564,0.6500037897501958,8.000000155571225,8.014775756429241
weak_regularization,60,2.0,0.6499974786050604,0.650003395578258,8.000000061262291,7.985367950139835
weak_regularization,61,2.033333333333333,0.6499977345040847,0.6500021085479891,7.999999978675081,7.957927597929594
weak_regularization,62,2.066666666666667,0.6499985883717043,0.650000599735675,7.999999928844365,7.936170616531081
weak_regularization,63,2.1,0.6499995931982544,0.6499993925665657,7.9999999162644535,7.923041799877488
weak_regularization,64,2.1333333333333333,0.6500003993572963,0.6499987529139029,7.999999932820081,7.920316324174454
weak_regularization,65,2.1666666666666665,0.6500008284111904,0.6499986915396039,7.999999964245508,7.928360767483673
weak_regularization,66,2.2,0.6500008720042015,0.6499990422887082,7.999999996367249,7.94608519428244
weak_regularization,67,2.2333333333333334,0.6500006400847463,0.649999568401386,8.00000001932662,7.971092034732747
weak_regularization,68,2.2666666666666666,0.6500002901624254,0.650000056074994,8.000000029160192,8.00000112149988
weak_regularization,69,2.3,0.6499999648756069,0.6500003712771577,8.000000027107234,8.028906758838128
weak_regularization,70,2.3333333333333335,0.6499997539466791,0.6500004744951429,8.00000001757741,8.053905141394583
weak_regularization,71,2.3666666666666667,0.6499996841545722,0.6500004024220701,8.000000005816009,8.071621111749808
weak_regularization,72,2.4,0.649999731390592,0.6500002326267146,7.999999996063665,8.079663386637895
weak_regularization,73,2.433333333333333,0.649999844132593,0.650000047236931,7.999999990604834,8.076946996192445
weak_regularization,74,2.466666666666667,0.6499999676509464,0.6499999068464009,7.999999989706804,8.063839515110436
weak_regularization,75,2.5,0.6500000614510101,0.6499998392096701,7.999999992183328,8.04211135722359
weak_regularization,76,2.533333333333333,0.6500001068780874,0.6499998413970083,7.9999999962144095,8.014696789365491
weak_regularization,77,2.566666666666667,0.6500001057432089,0.6499998904667144,8.000000000094573,7.985297847908962
weak_regularization,78,2.6,0.6500000732478526,0.6499999567347193,8.000000002707946,7.957884561664198
weak_regularization,79,2.6333333333333333,0.6500000291497572,0.6500000148316696,8.000000003674842,7.936158918450972
weak_regularization,80,2.6666666666666665,0.6499999903814446,0.6500000499365552,8.000000003230692,7.923054947277279
weak_regularization,81,2.7,0.6499999668722216,0.6500000588562974,8.000000001959101,7.920342443022346
weak_regularization,82,2.7333333333333334,0.6499999608046046,0.6500000472724174,8.000000000505636,7.928387882139944
weak_regularization,83,2.7666666666666666,0.6499999684320864,0.6500000252041195,7.999999999364377,7.946104852590666
weak_regularization,84,2.8,0.649999983095425,0.6500000026181119,7.999999998778056,7.971100719067265
weak_regularization,85,2.8333333333333335,0.6499999981500462,0.6499999864553748,7.999999998745449,7.999999729107497
weak_regularization,86,2.8666666666666667,0.6500000089547178,0.6499999795145954,7.999999999099612,8.02889892358688
weak_regularization,87,2.9,0.6500000136245073,0.6499999809346495,7.999999999610852,8.053895270184714
weak_regularization,88,2.933333333333333,0.650000012716539,0.6499999876210264,8.000000000075664,8.071612815728933
weak_regularization,89,2.966666666666667,0.6500000082834345,0.6499999958869962,8.000000000369425,8.079658651843527
weak_regularization,90,3.0,0.6500000027802193,0.6500000027486358,8.000000000458602,8.076946106426542
weak_regularization,91,3.033333333333333,0.6499999981993875,0.650000006595686,8.000000000381736,8.06384151009614
weak_regularization,92,3.066666666666667,0.649999995620783,0.6500000072361977,8.000000000214886,8.042114717754142
weak_regularization,93,3.1,0.6499999951789367,0.6500000055014385,8.00000000003682,8.014700071454097
weak_regularization,94,3.1333333333333333,0.6499999963244195,0.650000002669939,7.999999999904542,7.985300091973453
weak_regularization,95,3.1666666666666665,0.6499999982069674,0.6499999999411844,7.99999999984312,7.957885425793499
weak_regularization,96,3.2,0.6500000000265742,0.6499999981010014,7.999999999848366,7.936158583837609
weak_regularization,97,3.2333333333333334,0.6500000012574513,0.649999997417838,7.999999999897426,7.923053896902934
weak_regularization,98,3.2666666666666666,0.6500000017182413,0.6499999977273595,7.9999999999616,7.9203412204435875
weak_regularization,99,3.3,0.6500000015164947,0.6499999986198784,8.000000000016811,7.9283869090891645
weak_regularization,100,3.3333333333333335,0.6500000009241942,0.6499999996415682,8.000000000049358,7.946104341339639
weak_regularization,101,3.3666666666666667,0.6500000002436803,0.6500000004446974,8.000000000056708,7.971100675598976
weak_regularization,102,3.4,0.6499999997072602,0.6500000008580865,8.0000000000447,8.00000001716173
weak_regularization,103,3.433333333333333,0.6499999994298686,0.650000000882112,8.000000000023116,8.02889935093721
weak_regularization,104,3.466666666666667,0.6499999994120491,0.6500000006338379,8.000000000001485,8.053895664168483
weak_regularization,105,3.5,0.6499999995763007,0.6500000002746549,7.999999999986312,8.071613068801502
weak_regularization,106,3.533333333333333,0.6499999998152374,0.6499999999477153,7.999999999980087,8.079658733057908
weak_regularization,107,3.566666666666667,0.6500000000333418,0.6499999997408091,7.999999999981824,8.076946046270008
weak_regularization,108,3.6,0.6500000001718321,0.6499999996776971,7.999999999988458,8.06384137173636
weak_regularization,109,3.6333333333333333,0.6500000002145718,0.6499999997314183,7.999999999996438,8.042114567658555
weak_regularization,110,3.6666666666666665,0.6500000001792995,0.6499999998485674,8.00000000000294,8.014699958396672
weak_regularization,111,3.7,0.6500000001014954,0.6499999999737558,8.000000000006484,7.9853000380497905
weak_regularization,112,3.7333333333333334,0.6500000000180755,0.6500000000668614,8.000000000006953,7.957885428307041
weak_regularization,113,3.7666666666666666,0.6499999999558579,0.6500000001101927,8.000000000005187,7.936158624021434
weak_regularization,114,3.8,0.6499999999267404,0.6500000001066365,8.000000000002427,7.923053950678904
weak_regularization,115,3.8333333333333335,0.649999999928894,0.6500000000722247,7.99999999999982,7.920341267340891
weak_regularization,116,3.8666666666666667,0.6499999999516919,0.6500000000271288,7.9999999999981,7.928386937234171
weak_regularization,117,3.9,0.6499999999817058,0.6499999999882874,7.9999999999975,7.946104348274024
weak_regularization,118,3.933333333333333,0.6500000000076284,0.6499999999653566,7.999999999997839,7.971100666012159
weak_regularization,119,3.966666666666667,0.6500000000229889,0.6499999999601375,7.999999999998719,7.99999999920275
weak_regularization,120,4.0,0.6500000000265503,0.6499999999685427,7.999999999999704,8.028899332665826
balanced,0,0.0,0.45,0.3,2.8000000000000003,0.9999999999999998
balanced,1,0.03333333333333333,0.49642857142857144,0.33535714285714285,3.357142857142857,1.7360421904378294
balanced,2,0.06666666666666667,0.535357142857143,0.39540000000000003,4.1071428571428585,2.9618956514917247
balanced,3,0.1,0.5658260204081633,0.4669058265306123,4.9531122448979605,4.409729593920651
balanced,4,0.13333333333333333,0.5879228163265307,0.5373128467346939,5.790320408163266,5.825915668797482
balanced,5,0.16666666666666666,0.6026230255247813,0.5969454526556852,6.529979080174927,7.01585510456753
balanced,6,0.2,0.6114887404574344,0.6401134164862742,7.113428506734694,7.866109707907903
balanced,7,0.23333333333333334,0.6163211313736897,0.6651850205708094,7.5167609083744695,8.345814984446376
balanced,8,0.26666666666666666,0.6188449372571652,0.6738924963518375,7.747619411652457,8.492549888462074
balanced,9,0.3,0.6204763728116234,0.670198677645698,7.83685644455418,8.389273591488633
balanced,10,0.3333333333333333,0.6221968558928281,0.6590465530100066,7.827951691879521,8.138816487169944
balanced,11,0.36666666666666664,0.6245295818321676,0.6452500534457254,7.766727406066063,7.8411596907320895
balanced,12,0.4,0.6275978371040264,0.6326910348005084,7.69317447281412,7.576874644556342
balanced,13,0.43333333333333335,0.6312344234999872,0.6238887120876669,7.636341360403913,7.398115507649736
balanced,14,0.4666666666666667,0.6351101129758694,0.6199229848028113,7.612431052411768,7.32684663274782
balanced,15,0.5,0.6388538162425397,0.6206338399082605,7.625629673332966,7.358781146673485
balanced,16,0.5333333333333333,0.642145633080249,0.6249893441509239,7.670818316229072,7.470887549723506
balanced,17,0.5666666666666667,0.6447736478108707,0.6315122616947254,7.737198526937839,7.630245233894508
balanced,18,0.6,0.6466541668529397,0.638673388552989,7.81194809579308,7.802367104354754
balanced,19,0.6333333333333333,0.6478216926506255,0.6451896495541829,7.8832474202314184,7.957688642575382
balanced,20,0.6666666666666666,0.6483986791841883,0.6501983323683956,7.942301346643722,8.075579710676317
balanced,21,0.7,0.648556082673854,0.6533086317370428,7.984259651033413,8.145831368844458
balanced,22,0.7333333333333333,0.6484744572632951,0.6545534839024483,8.008162541055885,8.168015729502791
balanced,23,0.7666666666666667,0.6483126594206243,0.6542766349681957,8.016179784267077,8.149374077546332
balanced,24,0.8,0.648187971984972,0.6529924183559237,8.012468743565229,8.101962940148661
balanced,25,0.8333333333333334,0.6481683736754447,0.6512508230170925,8.001959830952725,8.039716421767174
balanced,26,0.8666666666666667,0.6482752748518548,0.6495309395169445,7.989309882358997,7.975918828913565
balanced,27,0.9,0.6484935711522315,0.6481746924311955,7.978170369962334,7.921379275593722
balanced,28,0.9333333333333333,0.6487853533551213,0.6473623633791928,7.97082177971102,7.883405889401438
balanced,29,0.9666666666666667,0.6491038966828445,0.6471234556184884,7.9681456672276765,7.865523060915942
balanced,30,1.0,0.649405375208362,0.6473717438673866,7.96985214744825,7.867776143244129
balanced,31,1.0333333333333334,0.649656817588367,0.6479518931464139,7.974855761999497,7.887424799619873
balanced,32,1.0666666666666667,0.6498398804791553,0.6486862323760458,7.981693710921174,7.919828996029192
balanced,33,1.1,0.6499508766866711,0.6494132190281081,7.9889003792484194,7.95936504726719
balanced,34,1.1333333333333333,0.6499980528253771,0.6500128400350189,7.995282386129391,8.000256800700377
balanced,35,1.1666666666666667,0.6499973443058711,0.6504177930884716,8.000070851950603,8.037255195064404
balanced,36,1.2,0.6499677864810655,0.6506121599754864,8.002955782480559,8.066138851001453
balanced,37,1.2333333333333334,0.649927512216988,0.6506210928621267,8.004027426407747,8.084034920550938
balanced,38,1.2666666666666666,0.6498909149893016,0.6504957352079336,8.003659722768631,8.089573438262274
balanced,39,1.3,0.6498671930113098,0.65029735440769,8.002372197799186,8.082893139607625
balanced,40,1.3333333333333333,0.6498601827309773,0.6500837645617161,8.000701028033248,8.065516669416741
balanced,41,1.3666666666666667,0.6498691799696786,0.6498998982398871,7.999100276129873,8.040112537827932
balanced,42,1.4,0.6498903465272211,0.6497731498327636,7.99788334424575,8.010162958080597
balanced,43,1.4333333333333333,0.6499182986969643,0.6497130877114756,7.99720478302568,7.979561792804187
balanced,44,1.4666666666666666,0.6499475461428984,0.6497144479866559,7.997075255406585,7.9521743867029295
balanced,45,1.5,0.6499735627713982,0.6497620136350322,7.997398337150026,7.9313988945182246
balanced,46,1.5333333333333334,0.6499933943576747,0.6498360068060036,7.998016841372353,7.919774084666247
balanced,47,1.5666666666666667,0.6500058159046378,0.6499168878000183,7.9987578453036825,7.9186790218967635
balanced,48,1.6,0.650011129357711,0.649988850356333,7.999468654692679,7.928163943818255
balanced,49,1.6333333333333333,0.6500107333296468,0.6500417238298235,8.000039602806424,7.946938825104746
balanced,50,1.6666666666666667,0.650006603056483,0.6500713560525957,8.000413027316384,7.972527787756943
balanced,51,1.7,0.6500007987252457,0.6500788056451579,8.000580433123714,8.001576112903157
balanced,52,1.7333333333333334,0.6499950841728867,0.6500688015030913,8.000571455235903,8.0302753633568
balanced,53,1.7666666666666666,0.6499906964755708,0.6500479397815324,8.00043876973158,8.054854447122374
balanced,54,1.8,0.6499882690116502,0.6500230130722935,8.000242746392061,8.072073324754275
balanced,55,1.8333333333333333,0.649987882112381,0.6499997393372268,8.000038689926921,8.079653520848138
balanced,56,1.8666666666666667,0.6499891990762526,0.6499820159504061,7.999868303612846,8.076586370461946
balanced,57,1.9,0.6499916408930537,0.6499716965370446,7.999755818319893,8.063275308923311
balanced,58,1.9333333333333333,0.6499945581875806,0.6499687944330552,7.999708270547323,8.041490461691293
balanced,59,1.9666666666666666,0.6499973702079787,0.6499719646418287,7.999718797960186,8.0141392542619
balanced,60,2.0,0.6499996544969932,0.6499791045577242,7.999771571098547,7.98488212972916
balanced,61,2.033333333333333,0.6500011840467637,0.6499879340085603,7.999847045022958,7.957644107141016
balanced,62,2.066666666666667,0.6500019190411418,0.6499964553409935,7.999926500562183,7.936087728637451
balanced,63,2.1,0.6500019666195199,0.6500032418771828,7.9999952421621865,7.923118786089832
balanced,64,2.1333333333333333,0.6500015243476297,0.650007547566472,8.000044227189019,7.9204922172258385
balanced,65,2.1666666666666665,0.6500008219127785,0.6500092648175239,8.00007024348512,7.928572233042072
balanced,66,2.2,0.6500000720780148,0.6500087778551275,8.000074983476368,7.946279905610825
balanced,67,2.2333333333333334,0.6499994373657184,0.6500067654326043,8.000063471229641,7.971235975357113
balanced,68,2.2666666666666666,0.6499990144027769,0.6500040017999196,8.000042296294156,8.00008003599839
balanced,69,2.3,0.6499988341596279,0.6500011923544414,8.00001802431489,8.028923180383801
balanced,70,2.3333333333333335,0.6499988739029219,0.6499988646102428,7.999996025670594,8.05387294369658
balanced,71,2.3666666666666667,0.6499990756554487,0.6499973197323248,7.999979824747326,8.071559457954901
balanced,72,2.4,0.6499993661400559,0.6499966375687322,7.99997095153927,8.079591485478247
balanced,73,2.433333333333333,0.6499996742272833,0.6499967202960284,7.999969191277257,8.076880457374394
balanced,74,2.466666666666667,0.6499999433960724,0.6499973567085977,7.999973083121096,8.063788512354373
balanced,75,2.5,0.6500001382673077,0.6499982901497127,7.9999805128764745,8.042080376024442
balanced,76,2.533333333333333,0.6500002455851167,0.6499992768680436,7.999989268219102,8.014685498786198
balanced,77,2.566666666666667,0.6500002709247082,0.6500001267667083,7.999997466040847,7.9853025739088395
balanced,78,2.6,0.650000232842296,0.650000723791406,8.000003808241217,7.957899902797932
balanced,79,2.6333333333333333,0.650000156195521,0.6500010276009413,8.0000076646775,7.936179173836405
balanced,80,2.6666666666666665,0.6500000660602194,0.6500010611140953,8.000009013530164,7.9230751708280795
balanced,81,2.7,0.6499999831884749,0.6500008898764283,8.00000828717446,7.920359063424964
balanced,82,2.7333333333333334,0.6499999214271076,0.650000599113937,8.000006176136718,7.928398918970336
balanced,83,2.7666666666666666,0.6499998870517791,0.6500002732242546,8.000003437532847,7.946109812993368
balanced,84,2.8,0.6499998796373561,0.6499999807736287,8.00000074144231,7.971100282177603
balanced,85,2.8333333333333335,0.6499998939066659,0.6499997662711499,7.999998573069021,7.999995325422997
balanced,86,2.8666666666666667,0.6499999219687267,0.6499996484350281,7.999997193793919,8.028892301995533
balanced,87,2.9,0.6499999554410041,0.6499996235675409,7.999996652772274,8.053888122842544
balanced,88,2.933333333333333,0.649999987103215,0.6499996720940711,7.9999968337789085,8.071606505189825
balanced,89,2.966666666666667,0.6500000119068655,0.6499997662584145,7.999997519634954,8.079654059271892
balanced,90,3.0,0.6500000273269575,0.6499998772825057,7.999998457990806,8.07694359710394
balanced,91,3.033333333333333,0.6500000331646044,0.6499999808376656,7.999999416235299,8.063840994935731
balanced,92,3.066666666666667,0.6500000309799921,0.650000060280793,8.000000218461231,8.04211577864605
balanced,93,3.1,0.6500000233549363,0.6500001076554656,8.00000076250558,8.014702114534636
balanced,94,3.1333333333333333,0.6500000131629456,0.6500001228615893,8.000001019199072,7.98530249580646
balanced,95,3.1666666666666665,0.6500000029768023,0.6500001116224917,8.000001018614341,7.9578876594196455
balanced,96,3.2,0.6499999946848241,0.6500000829311252,8.000000829197823,7.936160280440086
balanced,97,3.2333333333333334,0.6499999893306554,0.6500000465729114,8.000000535416866,7.923054880004402
balanced,98,3.2666666666666666,0.6499999871471629,0.6500000111526913,8.000000218349246,7.920341488950225
balanced,99,3.3,0.6499999877276318,0.6499999828504309,7.999999941953112,7.928386593700214
balanced,100,3.3333333333333335,0.6499999902674977,0.6499999649399658,7.99999974601342,7.946103647307592
balanced,101,3.3666666666666667,0.649999993814554,0.6499999579582755,7.999999645294374,7.971099825870537
balanced,102,3.4,0.6499999974802607,0.6499999603246833,7.999999633429332,7.9999992064936665
balanced,103,3.433333333333333,0.650000000584184,0.6499999691805508,7.999999689607674,8.028898716905987
balanced,104,3.466666666666667,0.6500000027229821,0.6499999812401783,7.999999786120191,8.053895276295291
balanced,105,3.5,0.6500000037712212,0.6499999934963128,7.999999895176082,8.071612933234661
balanced,106,3.533333333333333,0.650000003831711,0.6500000036908559,7.999999993951034,8.07965880792072
balanced,107,3.566666666666667,0.6500000031575379,0.650000010527148,8.000000067417302,8.076946261996785
balanced,108,3.6,0.6500000020672912,0.6500000136530524,8.000000109024679,8.063841651243466
balanced,109,3.6333333333333333,0.6500000008705777,0.650000013477822,8.000000119671352,8.042114842586628
balanced,110,3.6666666666666665,0.6499999998146,0.6500000108992854,8.000000105597776,8.014700179411033
balanced,111,3.7,0.649999999055944,0.650000007014079,8.00000007586561,7.985300178856255
balanced,112,3.7333333333333334,0.6499999986560872,0.6500000028677001,8.000000039985679,7.957885484323814
balanced,113,3.7666666666666666,0.649999998595242,0.64999999927912,8.000000006084505,7.936158607399982
balanced,114,3.8,0.6499999987972432,0.6499999967521477,7.999999979799878,7.923053883589128
balanced,115,3.8333333333333335,0.6499999991580995,0.6499999954668779,7.999999963914375,7.920341175233956
balanced,116,3.8666666666666667,0.6499999995720975,0.649999995331834,7.999999958600194,7.9283868433282745
balanced,117,3.9,0.6499999999513847,0.6499999960715231,7.999999962071288,7.946104269938739
balanced,118,3.933333333333333,0.650000000237199,0.6499999973243334,7.999999971418572,7.971100613191696
balanced,119,3.966666666666667,0.6500000004029038,0.6499999987303872,7.999999983429514,7.999999974607743
balanced,120,4.0,0.6500000004504223,0.64999999999611,7.999999995248165,8.028899333217172
over_regularized,0,0.0,0.45,0.3,2.8000000000000003,0.9999999999999998
over_regularized,1,0.03333333333333333,0.4561514195583596,0.32810725552050474,2.873817034700315,1.591044443705067
over_regularized,2,0.06666666666666667,0.46194951686254215,0.3713117963160147,3.1682522465145437,2.480131577812018
over_regularized,3,0.1,0.46725643101134506,0.4179609183021209,3.5775715426642583,3.430831429350823
over_regularized,4,0.13333333333333333,0.4720465360761482,0.4594177324519981,4.008245779330746,4.268013383143565
over_regularized,5,0.16666666666666666,0.476376307023471,0.49066090949677965,4.391857543897636,4.890164241389419
over_regularized,6,0.2,0.4803489375909916,0.5100501149441893,4.689474527066137,5.264843677066205
over_regularized,7,0.23333333333333334,0.48408168029133214,0.5185604564109135,4.8893810830495,5.4133237012484585
over_regularized,8,0.26666666666666666,0.4876808950214781,0.5187891675581877,5.000654391545045,5.39048331258908
over_regularized,9,0.3,0.4912268523392346,0.5139834743989226,5.045035568536317,5.264969526553125
over_regularized,10,0.3333333333333333,0.49476795246944494,0.5072568091033163,5.04908322482472,5.103021609036137
over_regularized,11,0.36666666666666664,0.49832244390975267,0.5010744909674626,5.037923799743562,4.957648441166834
over_regularized,12,0.4,0.5018849850122881,0.49701640356315063,5.031215747887158,4.863382019809187
over_regularized,13,0.43333333333333335,0.5054353583774466,0.49577231599479177,5.041355529034564,4.835787585792232
over_regularized,14,0.4666666666666667,0.5089471058200873,0.49729779861686096,5.073543797799381,4.874342909028814
over_regularized,15,0.5,0.5123945652142798,0.5010525447874034,5.127117171506246,4.967155244256342
over_regularized,16,0.5333333333333333,0.5157575520350166,0.5062526734879426,5.197510982719426,5.09615413646388
over_regularized,17,0.5666666666666667,0.5190235867207535,0.5120875253862153,5.278304428552583,5.241750507724305
over_regularized,18,0.6,0.5221880387194853,0.5178733170770293,5.362956667723545,5.386365674835559
over_regularized,19,0.6333333333333333,0.5252528143489213,0.5231359649357235,5.446020308803291,5.516614950206193
over_regularized,20,0.6666666666666666,0.5282242794612957,0.5276304620942385,5.523779073021336,5.624222305193174
over_regularized,21,0.7,0.5311110282188397,0.5313132220644569,5.594376035379984,5.705923175392741
over_regularized,22,0.7333333333333333,0.5339219452750601,0.534287069022114,5.657569119816376,5.762687431896105
over_regularized,23,0.7666666666666667,0.5366648160611669,0.5367372794203503,5.714274344910915,5.7985869665894265
over_regularized,24,0.8,0.5393455620847116,0.5388729133707361,5.766044980379342,5.819572840444909
over_regularized,25,0.8333333333333334,0.5419680423071298,0.5408822676655493,5.814599814651446,5.83234531473631
over_regularized,26,0.8666666666666667,0.544534278921077,0.5429059906120172,5.861469488377318,5.8434198508150175
over_regularized,27,0.9,0.5470449343564685,0.5450271320896166,5.907787137173759,5.858428068762144
over_regularized,28,0.9333333333333333,0.5494998756786359,0.5472746021404077,5.954215564860563,5.8816506646257345
over_regularized,29,0.9666666666666667,0.5518986982433832,0.5496352190734812,6.00098119604386,5.915758330015799
over_regularized,30,1.0,0.5542411278985389,0.5520695021764817,6.047975287370316,5.96173130942603
over_regularized,31,1.0333333333333334,0.5565272680181829,0.5545272125380282,6.094883233630048,6.018931187452159
over_regularized,32,1.0666666666666667,0.5587576959560507,0.5569599425991238,6.141310051776834,6.085303200490753
over_regularized,33,1.1,0.560933438985705,0.5593294283902535,6.186880808621451,6.157689234510097
over_regularized,34,1.1333333333333333,0.5630558719175459,0.5616114385631342,6.231305890132578,6.232228771262685
over_regularized,35,1.1666666666666667,0.5651265793644912,0.5637959308249374,6.274410460878968,6.30481794979372
over_regularized,36,1.2,0.5671472184824248,0.5658846173413113,6.316134068388596,6.371587998317952
over_regularized,37,1.2333333333333334,0.5691194066994758,0.5678871862569153,6.3565098191242,6.42935678844671
over_regularized,38,1.2666666666666666,0.5710446467975251,0.5698172760168356,6.395633251625624,6.476004254440316
over_regularized,39,1.3,0.5729242911551297,0.5716889997784744,6.4336297019962405,6.510726047023314
over_regularized,40,1.3333333333333333,0.5747595393900398,0.5735144690664705,6.470626470908273,6.534130759511829
over_regularized,41,1.3666666666666667,0.5765514594706246,0.5753024464550557,6.506733266179259,6.5481635021313025
over_regularized,42,1.4,0.5783010212782492,0.5770580145474684,6.542031826979436,6.555860252374694
over_regularized,43,1.4333333333333333,0.5800091328259006,0.5787830021404269,6.576573710290555,6.560960081383213
over_regularized,44,1.4666666666666666,0.5816766719295667,0.5804768542656839,6.610384080278216,6.567422512283489
over_regularized,45,1.5,0.5833045091961909,0.5821376515983498,6.643468944479762,6.578911653784578
over_regularized,46,1.5333333333333334,0.5848935210379009,0.5837630502836819,6.67582346524161,6.598314954219813
over_regularized,47,1.5666666666666667,0.5864445936072334,0.585350999187947,6.707439525556257,6.627361249655337
over_regularized,48,1.6,0.5879586198886328,0.5869001761689707,6.73831143216717,6.6663904600710095
over_regularized,49,1.6333333333333333,0.5894364927024949,0.5884101534921012,6.768439321781704,6.714307418350301
over_regularized,50,1.6666666666666667,0.5908790962430704,0.5898813477670044,6.797830382853655,6.768727622045116
over_regularized,51,1.7,0.5922872982102793,0.591314830953728,6.826498360659386,6.8262966190745615
over_regularized,52,1.7333333333333334,0.5936619438418016,0.5927120798405534,6.854461973731444,6.88314093010604
over_regularized,53,1.7666666666666666,0.5950038524007613,0.5940747281444321,6.881742867533562,6.935390214380366
over_regularized,54,1.8,0.5963138160593205,0.5954043648157494,6.908363617867304,6.9797003596233935
over_regularized,55,1.8333333333333333,0.5975926007069099,0.5967024002126542,6.934346127008914,7.013706738356687
over_regularized,56,1.8666666666666667,0.5988409480134743,0.597970002886697,6.959710577862925,7.0363461091877655
over_regularized,57,1.9,0.600059578061674,0.5992080962365419,6.984474959833664,7.048003302913258
over_regularized,58,1.9333333333333333,0.6012491919733864,0.6004173969470685,7.008655073572973,7.050462511971559
over_regularized,59,1.9666666666666666,0.6024104741351484,0.601598475324081,7.032264865198329,7.046669467906945
over_regularized,60,2.0,0.6035440938210146,0.6027518199498975,7.055316928444823,7.040336437572623
over_regularized,61,2.033333333333333,0.6046507061804963,0.6038778938169604,7.077823033765136,7.0354433033090205
over_regularized,62,2.066666666666667,0.6057309526812437,0.6049771746421343,7.099794582710608,7.035702114660268
over_regularized,63,2.1,0.6067854611639188,0.6060501771771737,7.1212429311041,7.044057492089648
over_regularized,64,2.1333333333333333,0.6078148456851518,0.6070974592324365,7.142179565639211,7.062290450545127
over_regularized,65,2.1666666666666665,0.608819706305718,0.6081196155032059,7.162616149528109,7.090779246755714
over_regularized,66,2.2,0.6098006289401491,0.6091172641859789,7.182564471307436,7.128449632227853
over_regularized,67,2.2333333333333334,0.6107581853351377,0.610091031097113,7.202036337509484,7.172921288647289
over_regularized,68,2.2666666666666666,0.6116929331985463,0.6110415349749423,7.2210434471594604,7.220830699498846
over_regularized,69,2.3,0.6126054164656811,0.6119693762801992,7.239597277387712,7.268286858898956
over_regularized,70,2.3333333333333335,0.6134961656677752,0.6128751304575376,7.257708998254897,7.311398260642476
over_regularized,71,2.3666666666666667,0.6143656983590131,0.6137593455203932,7.275389423968458,7.346799973716269
over_regularized,72,2.4,0.6152145195603482,0.614622543090327,7.292648998887325,7.372109595910144
over_regularized,73,2.433333333333333,0.6160431221871856,0.6154652216753166,7.3094978109688435,7.386250484960158
over_regularized,74,2.466666666666667,0.616851987439967,0.6162878609507465,7.325945622682137,7.389598597197349
over_regularized,75,2.5,0.6176415851486987,0.6170909260136702,7.342001909390357,7.383933093303593
over_regularized,76,2.533333333333333,0.618412374072326,0.6178748709070164,7.357675896977273,7.3721973795656535
over_regularized,77,2.566666666666667,0.6191648021605072,0.6186401410601202,7.3729765931822175,7.358102859777079
over_regularized,78,2.6,0.6198993067885745,0.6193871745953525,7.387912809943856,7.345628918876862
over_regularized,79,2.6333333333333333,0.6206163149767933,0.6201164026679699,7.40249317648434,7.338486675176978
over_regularized,80,2.6666666666666665,0.6213162436032934,0.6208282491257079,7.41672614458328,7.339618931060333
over_regularized,81,2.7,0.6219994996171989,0.6215231298054381,7.43061998841205,7.35080386200516
over_regularized,82,2.7333333333333334,0.6226664802553892,0.6222014517486458,7.444182801508175,7.372415971664512
over_regularized,83,2.7666666666666666,0.6233175732636063,0.6228636125427199,7.457422493152442,7.403376599362674
over_regularized,84,2.8,0.6239531571206588,0.6235099999067194,7.470346785789665,7.441300664839416
over_regularized,85,2.8333333333333335,0.6245736012633618,0.6241409915584346,7.482963214414097,7.482819831168692
over_regularized,86,2.8666666666666667,0.6251792663095433,0.6247569553368005,7.495279128181997,7.524038440030982
over_regularized,87,2.9,0.6257705042767252,0.6253582495152759,7.507301694015107,7.5610606417972415
over_regularized,88,2.933333333333333,0.6263476587947344,0.6259452232269416,7.51903790165902,7.590517527847236
over_regularized,89,2.966666666666667,0.6269110653112735,0.626518216926054,7.5304945695508145,7.610023072624683
over_regularized,90,3.0,0.6274610512902045,0.6270775628269976,7.541678350890886,7.618497307993777
over_regularized,91,3.033333333333333,0.627997936402864,0.6276235852832951,7.552595739450349,7.61631308384832
over_regularized,92,3.066666666666667,0.6285220327130762,0.6281566010909381,7.563253074823275,7.60524659484895
over_regularized,93,3.1,0.6290336448566671,0.6286769197179665,7.57365654700751,7.5882383557846556
over_regularized,94,3.1333333333333333,0.6295330702162606,0.6291848434740387,7.583812200338858,7.568996908055448
over_regularized,95,3.1666666666666665,0.6300205990919853,0.6296806676393982,7.593725936896132,7.551498779757776
over_regularized,96,3.2,0.6304965148685401,0.6301646805730883,7.603403519537666,7.539452233279347
over_regularized,97,3.2333333333333334,0.6309610941788628,0.6306371638170369,7.61285057473106,7.535797224886913
over_regularized,98,3.2666666666666666,0.6314146070644906,0.6310983922074637,7.622072595310183,7.54230911004567
over_regularized,99,3.3,0.6318573171325896,0.6315486339994765,7.631074943250785,7.5593596166811245
over_regularized,100,3.3333333333333335,0.6322894817095768,0.6319881510058633,7.639862852510733,7.58586736862554
over_regularized,101,3.3666666666666667,0.6327113519912465,0.6324171987475753,7.6484414319418645,7.619444641656533
over_regularized,102,3.4,0.6331231731893432,0.6328360266114577,7.656815668252721,7.656720532229153
over_regularized,103,3.433333333333333,0.6335251846745595,0.633244878010256,7.664990428986376,7.6937968935000915
over_regularized,104,3.466666666666667,0.6339176201159908,0.6336439905404712,7.672970465473938,7.7267754623011475
over_regularized,105,3.5,0.6343007076171159,0.6340335961348135,7.68076041572916,7.752284986004675
over_regularized,106,3.533333333333333,0.6346746698484046,0.6344139212074127,7.688364807259362,7.767937158251857
over_regularized,107,3.566666666666667,0.6350397241766693,0.6347851867912463,7.695788059779334,7.772649787278752
over_regularized,108,3.6,0.6353960827912789,0.635147608668259,7.703034487825318,7.7667935515476
over_regularized,109,3.6333333333333333,0.6357439528273497,0.6355013974932641,7.71010830327427,7.75214252289547
over_regularized,110,3.6666666666666665,0.6360835364860158,0.6358467589129628,7.717013617778302,7.731635139684582
over_regularized,111,3.7,0.6364150311518645,0.6361838936813603,7.723754445126076,7.708977912201881
over_regularized,112,3.7333333333333334,0.6367386295076138,0.6365129977725962,7.7303347035422485,7.688145382421736
over_regularized,113,3.7666666666666666,0.6370545196460932,0.636834262491866,7.736758217933887,7.6728438716549014
over_regularized,114,3.8,0.6373628851795853,0.637147874584759,7.743028722089952,7.666011440241354
over_regularized,115,3.8333333333333335,0.6376639053465808,0.6374540163450542,7.749149860837042,7.66942159279748
over_regularized,116,3.8666666666666667,0.637957755115998,0.6377528657208248,7.755125192152409,7.6834442511080905
over_regularized,117,3.9,0.6382446052889177,0.6380445964186056,7.760958189233611,7.706996276880386
over_regularized,118,3.933333333333333,0.6385246225978894,0.6383293780053676,7.766652242523517,7.737688226812379
over_regularized,119,3.966666666666667,0.6387979698038623,0.6386073760080948,7.772210661689288,7.772147520161896
over_regularized,120,4.0,0.6390648057907972,0.6388787520108358,7.777636677554325,7.806474373511688
