rollout,frame,time_s,joint_error_norm_rad,actual_speed_norm_rad_s,task_position_error_m,target_q1_rad,target_q2_rad,target_q3_rad,target_q4_rad,target_q5_rad,target_q6_rad,target_q7_rad,actual_q1_rad,actual_q2_rad,actual_q3_rad,actual_q4_rad,actual_q5_rad,actual_q6_rad,actual_q7_rad
normal_2s,0,0.0,7.95904251656386e-06,0.3896476348976564,2.5588812701323694e-06,0.3678819966707605,0.5297693709332407,-0.2331436264814319,-0.7625776233061057,0.3572357426181257,0.6004003438356297,-0.23395884150458782,0.36788170750081045,0.529769657594347,-0.23313600021928219,-0.7625777551736428,0.3572357426181257,0.6004001867508465,-0.23395661022135206
normal_2s,1,0.016666666666666666,0.0033255002147809386,0.46361492791664294,0.0015528855688438025,0.36493097449501827,0.5278901731818326,-0.23755679203078664,-0.7583989267601156,0.35584976249854106,0.6063968113750714,-0.2293548386173087,0.36586465509021115,0.528647691094696,-0.23615975458555147,-0.75972111020413,0.3562882952707534,0.6044994721706456,-0.2308112963421977
normal_2s,2,0.03333333333333333,0.0038892856271999657,0.49649477551500054,0.0015691984547611362,0.3627180832661975,0.5271606814429234,-0.2406607692191622,-0.7535567679285379,0.3548218567850828,0.6119202554425932,-0.2259621479103139,0.36371374939037815,0.5276381717729804,-0.2392400976398656,-0.7555071621125989,0.3552858470871895,0.6095723370720605,-0.2274973487959412
normal_2s,3,0.05,0.0038033705222615677,0.4820130020961199,0.0012702533722046177,0.36108710052312604,0.5273754899276977,-0.2426496679145022,-0.7481825789124187,0.3541244637780107,0.617044844188499,-0.22360664897225443,0.36191825943575906,0.527458700187072,-0.24157548866759337,-0.7505000714642734,0.3544919327156806,0.6146805834573587,-0.22483891649066803
normal_2s,4,0.06666666666666667,0.0036661261519107206,0.4698121275719833,0.0009624816800160626,0.359881803804632,0.5283291928473399,-0.2437175979847501,-0.7424077918128039,0.35373002177758456,0.6218447457630928,-0.22211422139178136,0.3605262291997988,0.5280538841716466,-0.24304517566162434,-0.7449681813949731,0.35397109516034153,0.6195780611095171,-0.22297774887665245
normal_2s,5,0.08333333333333333,0.0036076407877207793,0.46652733322624484,0.0007413392623779962,0.3589459706495431,0.5298163844130348,-0.24405866929784947,-0.7363638387307399,0.3536109690840642,0.6263941283166786,-0.22131074475754567,0.35944597808854956,0.5292590155472958,-0.24374324529616936,-0.7390862674657809,0.3537249152253863,0.6242375764974567,-0.2218395117869122
normal_2s,6,0.1,0.0036114147977000335,0.46762860876071494,0.0006237665439461914,0.3581233785966874,0.531631658835967,-0.2438669917217438,-0.7301821517672724,0.3537397439977093,0.6307671599995605,-0.22102209865819844,0.3585417841849185,0.5308811599395196,-0.24382752730753152,-0.7330029396020453,0.35373537820509693,0.6286987169292911,-0.221281188926894
normal_2s,7,0.11666666666666667,0.0036159744002162834,0.46881452627795994,0.0005732509226854915,0.35725780518489575,0.5335696103273252,-0.24333667512437873,-0.7239941630234537,0.3540887848187826,0.6350380089620477,-0.22107416268239252,0.3576635902261135,0.5327197395880044,-0.24348530174016098,-0.7268447595492208,0.35397696475742113,0.6330320614611349,-0.22113748379746678
normal_2s,8,0.13333333333333333,0.0036648705242157574,0.4836790149066414,0.0008568516993658581,0.35485200597921485,0.5340292255525515,-0.24372291150733852,-0.7184167229152694,0.35490079612826336,0.6401914892118753,-0.21997710024510997,0.35574165965982135,0.533615025569753,-0.24365206200749032,-0.7210833627574679,0.3546084901085828,0.6379262851937434,-0.22034540841711667
normal_2s,9,0.15,0.003805549126333864,0.4737214612700469,0.0008004883445679178,0.35283689861689455,0.5352387475589905,-0.2431490471588802,-0.7122698767752896,0.3561667610665588,0.6451775529286937,-0.21955233965614024,0.3537560354649812,0.5347251800147963,-0.24331358515905804,-0.7150584672944681,0.3556737143962617,0.6428833104086856,-0.21980470127786886
normal_2s,10,0.16666666666666666,0.00352592384731325,0.4242429005583746,0.0005866300736312936,0.3515158669828717,0.5369569407704496,-0.2422848829974971,-0.706600763316166,0.35689544901464465,0.6491921055634898,-0.22015964396070695,0.35222412322670704,0.536251191988902,-0.2426127198469787,-0.7092787586683649,0.35650805334341207,0.6471944272669523,-0.22004783770578043
normal_2s,11,0.18333333333333332,0.0030309632489837206,0.38109756190246286,0.0005283547237839896,0.35006070364039354,0.5381517129368546,-0.24207621739715307,-0.7020357490171842,0.35697607034316237,0.6526413800628997,-0.22096265033923412,0.35074506179132126,0.5375510603803951,-0.2422507687582241,-0.704327485424445,0.3568279868393351,0.6509180105106392,-0.22067428708119502
normal_2s,12,0.2,0.0028765396140045764,0.3915643814751432,0.0007767627512084129,0.34764349372605935,0.538398717124561,-0.24241770373451405,-0.6979854859265991,0.3573489902528047,0.6565395995806523,-0.22112429034642989,0.34862490616538605,0.5381306239932443,-0.24236911803104738,-0.6999920902923162,0.35718414151651157,0.6547609783986961,-0.22098306081001473
normal_2s,13,0.21666666666666667,0.003181003124928603,0.42155716818846806,0.000979751121861827,0.3445912304088464,0.5384614015728642,-0.24230180449963576,-0.6934848891263559,0.3587019869504677,0.6610889396892213,-0.22096199064859118,0.3458675877222922,0.5383568399311653,-0.24232796257401706,-0.6955437552705553,0.35822173116863004,0.6590868317982329,-0.22096999593256555
normal_2s,14,0.23333333333333334,0.003341203117222649,0.4127025524990606,0.0008240798002073318,0.34194471072591354,0.539230324837522,-0.2412149062692189,-0.6885505269664411,0.3605152061801706,0.6653828136191222,-0.22150661962460688,0.34318601044023117,0.5389540734293693,-0.24157236675299756,-0.6907631722330798,0.3597895363523003,0.6633908330296573,-0.22133828065722586
normal_2s,15,0.25,0.0030540318891609064,0.3624189895745283,0.0005431130082225064,0.34003117398564797,0.5404870952912307,-0.2398509677590413,-0.6841805154094758,0.3617748416988291,0.668642028563549,-0.22307516624696902,0.34102933497838556,0.540002492158822,-0.2404011569768049,-0.6862632802745368,0.361146678679029,0.6669806226172633,-0.2225270156651261
normal_2s,16,0.26666666666666666,0.0025512599889858456,0.31872202942372435,0.0005073025535401077,0.3380231979209715,0.5412011687550567,-0.23915644103312175,-0.6809969440806635,0.36236928620044706,0.6712755523553534,-0.22482967236604004,0.33897435894591443,0.5408222195610702,-0.23955558679371539,-0.6826632072854806,0.3619824455393734,0.6699167143620385,-0.22410249910653218
normal_2s,17,0.2833333333333333,0.0024015908580337256,0.3307113313816761,0.0007990306074270379,0.33509339324187076,0.540949394605562,-0.23902633514380647,-0.6784068078735629,0.3632383430175661,0.674300025251881,-0.22593195890626525,0.33632142026129663,0.540909252602199,-0.2391980993820414,-0.6797535134897896,0.36284096920610664,0.6729132075663472,-0.2253543009631355
normal_2s,18,0.3,0.0027174163065020545,0.3612107800190513,0.0009973683949158093,0.33156909973889614,0.5404966016651992,-0.2384534028449964,-0.6754408604137506,0.36506931475197746,0.6779203104777398,-0.22669834937464253,0.3330728389823443,0.5406272469996193,-0.23869346734423286,-0.6768053619402379,0.36436425229410424,0.676336124741322,-0.22627432275920448
normal_2s,19,0.31666666666666665,0.00287567945964349,0.3536266927535947,0.0008163970627592137,0.32849128731833527,0.5407349294047383,-0.23692426670579186,-0.6721109765971477,0.36734194946482396,0.6812327900894257,-0.2281585937278548,0.32994100120300485,0.5407009636317103,-0.23748919094028215,-0.6735962540992331,0.36639978746940094,0.6796835623493622,-0.22756383001985206
normal_2s,20,0.3333333333333333,0.0026171863418239416,0.3097845813883414,0.0005109890364194577,0.3261872023987889,0.5414477669141113,-0.23513307485765875,-0.6694100541090253,0.36904211374030355,0.6834615143117121,-0.23062853351767784,0.32737496085329354,0.5412117199442908,-0.2358839366037378,-0.6707345480199874,0.3682060651936508,0.6822662568156442,-0.22966029754775424
normal_2s,21,0.35,0.002191324058730704,0.27584685912286033,0.0005057157800536483,0.3238292738234342,0.5416065457381003,-0.23402642962403883,-0.6679544558882973,0.3700579355830061,0.6850189563180111,-0.23326902218184417,0.32495118798223044,0.5414818662614854,-0.23461964412130104,-0.6688340469747337,0.36947199221762417,0.6841480981180739,-0.2321286901127336
normal_2s,22,0.36666666666666664,0.0021097876016283918,0.29267695162400226,0.0008149423668312454,0.32058981855973984,0.5407902770318729,-0.23349945813371642,-0.667144967244298,0.37132900774002325,0.6869255082899822,-0.2352406414188037,0.32196985309707105,0.5410091945401007,-0.23385830647670394,-0.6676793555090472,0.37074143642238916,0.6860468119926065,-0.234257232380176
normal_2s,23,0.3833333333333333,0.002423106098023723,0.3229989990906717,0.001000438806486291,0.31679575063850274,0.5397661241109245,-0.23254500574946046,-0.6660056839840826,0.37354246749953585,0.6893900116511149,-0.23685841696833607,0.318432944567255,0.5401595141421596,-0.23296486592812987,-0.6665351964951879,0.3726562037602824,0.6883322947315311,-0.2360365964777649
normal_2s,24,0.4,0.0025819894608450312,0.32198178536037253,0.0008025500751649013,0.3134874962725806,0.5394287161414517,-0.23064976838161852,-0.6645414185989857,0.37617793394892696,0.6915130287311239,-0.2391507373469035,0.31505235264135684,0.5396600466077334,-0.2313874350473851,-0.6651722066865474,0.37506363650642616,0.6905067347759122,-0.23816684289091095
normal_2s,25,0.4166666666666667,0.0024332359978340846,0.29873036083121257,0.0004985902654312879,0.3109916556304556,0.5395640655657571,-0.2285079542780183,-0.6637376540225279,0.3782211718644631,0.6925229636251965,-0.2424320160861336,0.31227653197668875,0.5395946929870804,-0.2294250404691524,-0.664191502603212,0.3772221079425842,0.6918851417064814,-0.24108412105277305
normal_2s,26,0.43333333333333335,0.0022241387047856366,0.2880625017927099,0.000525228959838511,0.30847992496365717,0.5391463356486778,-0.2270662181022997,-0.6642030460690821,0.37956022563393466,0.6928367853904104,-0.2458616119004753,0.3096812495227816,0.5392883859492981,-0.22781774908767133,-0.6641993448803014,0.37882043058315584,0.6925357888152729,-0.24435140469029176
normal_2s,27,0.45,0.002265069579843239,0.3088701899170517,0.0008249122767658161,0.30512381933690147,0.5377573491168333,-0.22621973670704582,-0.6653304472146472,0.38113461369870877,0.6934794894430838,-0.24859854720713365,0.3065658975463143,0.5382418799106338,-0.2267301978929256,-0.664972507595116,0.38040239169730333,0.6931810004755223,-0.24725607023053073
normal_2s,28,0.4666666666666667,0.0025192707673624792,0.3341963268858558,0.0009894562637575487,0.30124939866368394,0.5361671296775241,-0.22496140732145808,-0.6661358666530998,0.3836313998975036,0.6946645909550572,-0.25095622844227633,0.30293165438073083,0.5368236736374844,-0.22552570987564138,-0.6657677214467597,0.382609721521659,0.6941952737023368,-0.249786768191814
normal_2s,29,0.48333333333333334,0.0026582084539788753,0.3418189211568951,0.0007829023874538584,0.29789620004853934,0.5352731827724275,-0.22277798424067138,-0.6666159521581327,0.38653012269831155,0.6954973582098625,-0.25396137134232666,0.2994895427218407,0.5357638761783637,-0.22365292262498057,-0.6663475067745311,0.3852896832635113,0.6950854896807886,-0.2526420360874923
normal_2s,30,0.5,0.0026631325033333363,0.3443307172613587,0.0005079835915483517,0.29538991622795613,0.5348643790536738,-0.22036374440609482,-0.6677480214520176,0.3888164518360286,0.695210894881413,-0.257926671781231,0.296687121767179,0.5351491752464096,-0.2214097670169839,-0.6673048396973457,0.3877005602173806,0.6951713281734796,-0.2562560220127839
normal_2s,31,0.5166666666666666,0.002695795158706619,0.35507663216976953,0.0005623088779971397,0.2929013335955099,0.5339176878167955,-0.21866542507696413,-0.6701326423021406,0.390378315617301,0.6942268246818576,-0.262009735792178,0.2940992442675096,0.5343075327368199,-0.21953934322286112,-0.6692378545350728,0.38953105707279495,0.694525789834549,-0.26019074232864886
normal_2s,32,0.5333333333333333,0.0028171817538330435,0.3740170379334124,0.0008297177071784915,0.2896010694800681,0.5320176522515079,-0.21757830269688663,-0.6731547323174979,0.39215508971398466,0.6935747158152221,-0.2653678092505241,0.2910243879553174,0.5327422671935803,-0.21820285140705462,-0.6719153639439616,0.39132482938610824,0.6938757286660109,-0.2637308685879498
normal_2s,33,0.55,0.0029718080214201537,0.3898279675054404,0.0009658774307417001,0.285814311431163,0.5299368991007314,-0.21609539378467757,-0.6758225914151704,0.394833663778491,0.6934725393724219,-0.2683125100656165,0.28746288771686257,0.5308246078190484,-0.21676643885788655,-0.6745862735162128,0.39372344664652614,0.6936002017998327,-0.26686401113058467
normal_2s,34,0.5666666666666667,0.003061678008873962,0.40154083246722055,0.0007592536139053401,0.28257976082089586,0.5285753899040733,-0.21370359386665358,-0.6781254509318085,0.39789336710410456,0.6930298706945331,-0.2718687659306364,0.28412490135531404,0.5292871538132266,-0.21467784020916647,-0.6770055770376305,0.39657397820932394,0.693210437080219,-0.27028663434746264
normal_2s,35,0.5833333333333334,0.0031725261780150664,0.4203261625537863,0.0005368578643838069,0.28022232064908925,0.5277242779736486,-0.21109734506554861,-0.6810335656873062,0.400319622672081,0.6914839432159313,-0.27634749751162063,0.2814571845090465,0.5282189716749492,-0.21223566895341162,-0.6797590329726452,0.3991344773537867,0.6920303307428125,-0.27443125429375165
normal_2s,36,0.6,0.0033469186190923242,0.4408515160501112,0.000612105100463354,0.27791204061370006,0.5263626189075354,-0.2092235752894459,-0.6851408470845283,0.4020000731388509,0.6892603088449627,-0.2809045608418304,0.2790338118454302,0.5269501730271662,-0.21018218413187192,-0.6834379540352447,0.4010933807224829,0.6901368775893054,-0.27885784783032613
normal_2s,37,0.6166666666666667,0.0034812428266193136,0.4535887247983754,0.0008292321678211842,0.2748188594339656,0.5240768268915913,-0.2079777783120102,-0.6898260072815945,0.40387376937379416,0.6873922425271439,-0.2846954887848059,0.27615256553385403,0.5249860588639891,-0.2086794266322871,-0.6878047425145376,0.4029940370270902,0.6882607501791599,-0.28284954168100307
normal_2s,38,0.6333333333333333,0.0035336188317606244,0.4586253653353911,0.0009305449142960344,0.2712673467694171,0.521641169677582,-0.20635321552754426,-0.694091626976624,0.4066272380229045,0.6861011855335929,-0.2880302344380891,0.2728131301450755,0.5226995877704601,-0.207093249621152,-0.6921023734384162,0.40547767052032263,0.6867845698358667,-0.2863921052313966
normal_2s,39,0.65,0.0035591541331579223,0.4691005082628796,0.0007328748356457243,0.26829564738528416,0.5199570095087469,-0.2038370555753303,-0.6979217306105473,0.40973940910676226,0.6844999364295895,-0.29193211909255334,0.2697250887062904,0.5208248756731099,-0.2048721758779752,-0.6960803970661329,0.4083909683821466,0.6852229104401241,-0.2901805149981059
normal_2s,40,0.6666666666666666,0.003709918798473679,0.4940532822443832,0.0005810545000664103,0.2662281674484057,0.5188166541059229,-0.2011240421615626,-0.7022818952941823,0.4121952731898732,0.6818286991084604,-0.2967105249659498,0.26733467408612294,0.5194522632848144,-0.2023152583604098,-0.7003196526217473,0.4109915673718035,0.6829027572503221,-0.29464576333389875
normal_2s,41,0.6833333333333333,0.003938298803998927,0.515954584417808,0.0006690453186608031,0.2642345163020432,0.5172000653462985,-0.1991614333406026,-0.7077618920425544,0.4138820113707848,0.678515741835726,-0.3015198460103504,0.2652154868784629,0.5179128712062109,-0.20016471204341107,-0.7054070697928033,0.41296745682423214,0.6799039310513662,-0.2993462391683982
normal_2s,42,0.7,0.0040438774256453865,0.520307113379868,0.0008240090967260444,0.26148424373657175,0.5146943176415505,-0.19784508135578874,-0.7137368298948167,0.41573818882368707,0.6755968044453216,-0.305514237018384,0.2626648965310654,0.5157127759216562,-0.19858300564120543,-0.7111011989866507,0.41486151190198456,0.6769596882907056,-0.3035636860685135
normal_2s,43,0.7166666666666667,0.0039986669069558235,0.514452933046988,0.0008849436736583385,0.25830157558574723,0.5120740984889471,-0.19616863387875236,-0.7192062162923971,0.41844982817374854,0.6732955478719084,-0.30900236378955426,0.25968222420538206,0.5132254774626462,-0.19693651758691272,-0.7166416948019974,0.4173144624783857,0.6744549862106031,-0.30728256598359405
normal_2s,44,0.7333333333333333,0.0039542751369408815,0.5205611814287429,0.0007055099367910217,0.2557243503220191,0.5102409580747103,-0.19361967288916246,-0.7241515185155322,0.42149534365743124,0.6707267545261353,-0.3130063571034275,0.2569767349265611,0.5111854009291283,-0.19467466138513695,-0.7217753040014309,0.4201724867218739,0.67190650300997,-0.3111967440909447
normal_2s,45,0.75,0.00410473965418996,0.5459703701903218,0.000634730990748755,0.25407669694494833,0.508987171531869,-0.19089338139752132,-0.7295362533595765,0.4238592055605288,0.6671323881924506,-0.31783451091016957,0.2549943134358027,0.5096830046075638,-0.19209509354736717,-0.7270805993353813,0.4226927046779857,0.6686430505674222,-0.31573558022112846
normal_2s,46,0.7666666666666666,0.004339769111406978,0.564967200869369,0.0007278871955120324,0.2525279676521147,0.5072924610285224,-0.18893748137112487,-0.7359486048402111,0.4254280780313221,0.6629422669784976,-0.3226402380881753,0.253308359872331,0.5080491362736601,-0.18994168214011475,-0.7331426729752132,0.42456258880624304,0.6647461288358781,-0.32045680856523373
normal_2s,47,0.7833333333333333,0.0043962998348568314,0.5600124475293532,0.000813905309285824,0.2502474656586587,0.5047434691564293,-0.18764831175617447,-0.7427625414008324,0.42714002100690224,0.659193485827265,-0.326576824297851,0.25121601623788703,0.5057895052854122,-0.18837817712182298,-0.7397187099609094,0.4263245053496624,0.6609504610664103,-0.3246414872818533
normal_2s,48,0.8,0.004257665067340567,0.5434772395796135,0.0008306391518059556,0.24755917099060556,0.50211427567741,-0.18602002760208225,-0.7489768471396224,0.429680572369491,0.6561108823601464,-0.3299521826708187,0.24871627744294572,0.503277217539206,-0.18676974595507906,-0.7460474755997594,0.4286186917889983,0.6576422264605076,-0.3282727534935776
normal_2s,49,0.8166666666666667,0.004142238182023055,0.5439055799442299,0.0006797519035789891,0.2455006673140849,0.5003056640272339,-0.183540736254037,-0.7545726525543054,0.43252769130871876,0.6528102538716046,-0.33378781241573197,0.246518183205119,0.5012460011281105,-0.18456742586395228,-0.7518751797408414,0.4312908594294322,0.6543392188953616,-0.3320440732067788
normal_2s,50,0.8333333333333334,0.004275199348937788,0.5969472937501717,0.0006926983918345591,0.24439581008468755,0.49910900078664694,-0.18090616095376572,-0.7605134930504132,0.4346654322105988,0.648534433935026,-0.33839150170969906,0.2450672378721275,0.4997859271263345,-0.18207031429106393,-0.757780272243096,0.43359769629155775,0.6503711977628294,-0.33638432094957377
normal_2s,51,0.85,0.004972253879274775,0.66168789476301,0.0010912021429066335,0.24341364967998003,0.49750297499586127,-0.1790645749411544,-0.7695055425353696,0.4359800922403471,0.6437139815840623,-0.34291628855034767,0.2439361620481985,0.4982257376802731,-0.18001757498390636,-0.7657974932932955,0.4352252761991184,0.6458187405813826,-0.340849816288009
normal_2s,52,0.8666666666666667,0.005257068714082752,0.5858154679248915,0.0012184488818733148,0.2417231499206486,0.49507308843108677,-0.17791287509958403,-0.7791587002098821,0.43740942314742626,0.6393866193741321,-0.34651521994270545,0.24242341561653188,0.4960707228254647,-0.17858285716696926,-0.774931089313415,0.4367183454020632,0.6414218594556105,-0.34472363836963266
normal_2s,53,0.8833333333333333,0.0038571439235865037,0.43579445496320157,0.0005992565845611454,0.23964790488988402,0.4925921886883791,-0.17644577592781346,-0.7827441445679424,0.43963872344839233,0.6357777137479832,-0.34949611240681133,0.24052615339422395,0.4936929074333296,-0.1771258595510749,-0.7802720028489675,0.43871469758217096,0.6375636308886398,-0.3479870283109645
normal_2s,54,0.9,0.0030595379089434368,0.4026783360772802,0.0004959117885903118,0.23822505708733904,0.49095975129432706,-0.17415193972473453,-0.7825518364247885,0.4421457919316577,0.6320035052696247,-0.35288051696324296,0.23895319966705908,0.4918246866734034,-0.1750976724680958,-0.7818304348132413,0.44106017223514044,0.6337628531230185,-0.35133333834131
normal_2s,55,0.9166666666666666,0.0031844103712744477,0.4223873972700164,0.00031060494545818784,0.23777795721718442,0.48996577391614143,-0.171727633427319,-0.7837005062996909,0.44391461161531726,0.6273071971833201,-0.35697642876562596,0.23814968902947273,0.49055397586821936,-0.1727887270673508,-0.7831088742495926,0.4430114491551832,0.6293497036476483,-0.3551895823664782
normal_2s,56,0.9333333333333333,0.003370766297525136,0.4368838453757228,0.00013236546487329064,0.23747507933781198,0.4885875293845324,-0.17012165488715156,-0.7867802169412073,0.44483150742588234,0.6221196548046323,-0.36093725533554954,0.23768841270292726,0.4892097576033826,-0.17096054256469248,-0.7856186489212966,0.44425562961366893,0.6244071885145797,-0.35911737406954014
normal_2s,57,0.95,0.0034169983375080385,0.438514066454125,0.00027221661761247487,0.23648473157719158,0.4864090686964217,-0.1692313978728274,-0.7911672745271735,0.4458343678855285,0.6174788524134539,-0.3639165834384428,0.23686559138842275,0.4872955582126972,-0.16978323870527942,-0.7894116245114444,0.4453348452291979,0.619671102981218,-0.3623991385260605
normal_2s,58,0.9666666666666667,0.0033747504581009558,0.4424557930494146,0.0003936035350183265,0.2351297654395722,0.48420176575376805,-0.16805203631665117,-0.795863210914589,0.44760874701863224,0.6136103606306614,-0.366222947753237,0.23567905361148359,0.4851807842445415,-0.16860430624085004,-0.7938218415991414,0.446889270280569,0.6155281008921366,-0.3650141546712532
normal_2s,59,0.9833333333333333,0.0034624085268646645,0.4760340887344228,0.0004203594830096344,0.23444648670425286,0.48286361000212147,-0.16607264374210945,-0.8008522689947984,0.44963282728229126,0.6096305819636106,-0.36887880432077946,0.23483619517700494,0.4835970209049196,-0.16687588118908603,-0.7986311212498048,0.4487645694788837,0.611494182349833,-0.36765694391680304
normal_2s,60,1.0,0.0039031070006849164,0.5413924164391588,0.0008093547804015613,0.2347573081278467,0.4821831101445962,-0.16398983839029777,-0.8071014197225937,0.45089111251684255,0.6047828430316883,-0.3721932487630996,0.23478220111826006,0.48263041125000783,-0.16489891427396267,-0.8044214111544693,0.4502182610087384,0.6069062766681822,-0.3707569403453536
normal_2s,61,1.0166666666666666,0.004475277802922688,0.6001732089117583,0.001111015154925027,0.23522965765696402,0.4811360556912125,-0.16275269684795088,-0.8152029110320773,0.45127059408352377,0.5994980960001336,-0.37532099310225264,0.23508799406334727,0.48160878297406373,-0.16342644937864037,-0.8117916375796221,0.45093762932158,0.6018419924918537,-0.37387561203865927
normal_2s,62,1.0333333333333332,0.004815065123215837,0.6275859181145488,0.0012244529822919865,0.23503068244243075,0.4793050274277259,-0.16225880544912163,-0.8245353209925457,0.4517099803754891,0.5948143659223004,-0.37741714110407154,0.2350485189964666,0.4800345419155596,-0.16262164116773073,-0.8205032843252406,0.4514656036748382,0.5970378059606675,-0.376294658325155
normal_2s,63,1.05,0.00488562543309234,0.6395904438986776,0.001325591590029245,0.2344819516701033,0.4774599487317462,-0.1615034300750901,-0.8341025297925495,0.45289580578298316,0.590957236873958,-0.3787919651134156,0.23466111854856495,0.4782752427940744,-0.16186124559637394,-0.8297996573495159,0.4524432808972029,0.5928812183686153,-0.3780024691211843
normal_2s,64,1.0666666666666667,0.004991747917849333,0.677413654109152,0.0015629240674366904,0.23461836120369964,0.4764973839248309,-0.15997562059652626,-0.8438911964478616,0.4543073996313935,0.58704308506589,-0.38046988693589584,0.2346318165718546,0.4770598617365947,-0.16056803534467748,-0.8394325961811296,0.4537175808131535,0.5888902310605488,-0.37968817164026014
normal_2s,65,1.0833333333333333,0.005473811393871487,0.6770478726433474,0.001976180708478583,0.23576078035301548,0.4762044468788668,-0.15837184041148242,-0.8548707684144451,0.4549305841081638,0.5823151670825886,-0.3827622028138423,0.23540352910261664,0.47647504419468567,-0.1590639455049659,-0.8499860649532316,0.45454678228435197,0.5843955101779064,-0.3817889139493099
normal_2s,66,1.1,0.004990169233202103,0.5354497384309215,0.0016709344400025398,0.23707495468364476,0.4755555666619882,-0.15764086422283236,-0.8634821782522426,0.4546538440036594,0.5772043163450923,-0.384826065829883,0.23654605677258853,0.4758464176534667,-0.15808771019077178,-0.8592119612776965,0.45461996900653473,0.5794795962290773,-0.38386430115920167
normal_2s,67,1.1166666666666667,0.0033369533939803945,0.3796433998813433,0.0006200865826187309,0.23772620511711903,0.47413200143821704,-0.1576798135893512,-0.8667988915395863,0.45441755839121917,0.5727483839703903,-0.385819265521027,0.2373527186163418,0.474674375528913,-0.15780383738191184,-0.8643983983968688,0.45448160237497137,0.57487809430011,-0.38519952429813525
normal_2s,68,1.1333333333333333,0.002540284737757698,0.3293693703838724,0.0002529939756306754,0.2380341265946438,0.47270239251875695,-0.15748331116592643,-0.8695559198917592,0.45491011003955634,0.5691727179443276,-0.38605500727234066,0.23781821353816834,0.4733262200970958,-0.15757893657470234,-0.8679250116498564,0.4547742458472483,0.5709771084109934,-0.3857830195774426
normal_2s,69,1.15,0.002557610298309021,0.3464543181503611,0.0005280938369389089,0.23903148955672446,0.4721620648616807,-0.15653957013094535,-0.8735072941912602,0.45561285298850523,0.5655933882460343,-0.3865608938766648,0.23864755345220534,0.4725303315663186,-0.15686496123793825,-0.8717410631960034,0.4553475124477169,0.5672967725518794,-0.3863139765973637
normal_2s,70,1.1666666666666667,0.002813806091484597,0.38287132365971044,0.0008677233229376042,0.24103688464591655,0.4722969372435723,-0.15554400974787858,-0.8775075192331575,0.455513807098972,0.5612532664333179,-0.38765164894571563,0.2402808563430063,0.4723707346477186,-0.15595982868727037,-0.8756829999082001,0.4554611904319733,0.5631654339463242,-0.38722791483111935
normal_2s,71,1.1833333333333333,0.003110703754064165,0.3951830065991768,0.0009251819705589988,0.24321362478542868,0.4720802889151284,-0.15544414069527254,-0.882154114137776,0.454503822196816,0.5565827130461392,-0.3884880951415484,0.2422856329994921,0.4721721082423368,-0.15560392939309797,-0.880106650085684,0.45480673948997125,0.5586654710529805,-0.3880885991743369
normal_2s,72,1.2,0.0030157779637570263,0.360830105257881,0.0006919340311639056,0.24472444531299756,0.47109227406842374,-0.1561355897862549,-0.8868310112393084,0.45352580196530273,0.5526190092776957,-0.3882319270218188,0.24395272706987922,0.47143383018813484,-0.15596269116929665,-0.8847034324885242,0.45393109860396735,0.5545320703306733,-0.3881855172519247
normal_2s,73,1.2166666666666666,0.002569718983729622,0.30923905275836705,0.0005080063262129616,0.2458862055529266,0.47010047591547366,-0.15661124584886274,-0.8905475221044414,0.4532708031177278,0.5495868267388226,-0.3872004805275771,0.24527437976972707,0.4705222506149229,-0.1564014707029979,-0.8886984656603929,0.4534797247364208,0.551151457785691,-0.38751112030058693
normal_2s,74,1.2333333333333334,0.002223330728483364,0.2989051568194256,0.0006254969875505782,0.2477287953128697,0.46999920683519436,-0.15635734352706507,-0.8932958091982832,0.4532229903524388,0.5466014433157462,-0.3864257015069817,0.2469521725136159,0.4701646458459498,-0.1563689924242333,-0.8918412062152586,0.4533042227161206,0.5480410587695468,-0.38676861491129516
normal_2s,75,1.25,0.0024218192072109393,0.33426342970142764,0.0009253325394088623,0.2505677870887974,0.47057341778008227,-0.15606707633998737,-0.8960508912399245,0.45237331587051377,0.542904814019004,-0.3862268528029343,0.2494237524949701,0.47044402126528256,-0.15616017834806517,-0.8947189470759669,0.45266786061463155,0.544529914784496,-0.386397725031225
normal_2s,76,1.2666666666666666,0.0027508436362468163,0.3511495000902679,0.0009458147170992374,0.2535633483320034,0.4707954637823216,-0.1566854831914048,-0.8994131822320375,0.4506156660846857,0.5389262500902059,-0.3857694726884457,0.2522535066847356,0.47068417594201917,-0.15651559100588922,-0.897927937061746,0.4512649932601764,0.5406992253455761,-0.3859674297019713
normal_2s,77,1.2833333333333332,0.0027023504729664833,0.323988662941578,0.0006650781713066369,0.2558749545387172,0.4702446169380566,-0.15810547820394763,-0.9027695360728888,0.4488960658746983,0.5357018431176872,-0.3842201245963121,0.254729052577391,0.470383595548612,-0.15759829295835653,-0.9012376689549415,0.44964560930525976,0.5372829797954359,-0.3847720570479449
normal_2s,78,1.3,0.0023266452035437123,0.2822928583356672,0.00046792992864201334,0.25781610677020333,0.4696876187453723,-0.15931700609324245,-0.905132211198975,0.4479087559814929,0.533454928304043,-0.38190114004736436,0.25683929674009337,0.46990774066130125,-0.15876953350006148,-0.9038999935656589,0.448458307228466,0.5346660893569647,-0.3828086984229378
normal_2s,79,1.3166666666666667,0.0020609237178716286,0.281033829062973,0.000637819634136028,0.26041325720464287,0.47001797820506014,-0.15980313990068817,-0.906496340778966,0.4471411243675151,0.531299294897468,-0.379849557494542,0.25928240665336183,0.4699830454350551,-0.15947395512031096,-0.9056748636478409,0.4475578892571129,0.5323645357268735,-0.38078536998040946
normal_2s,80,1.3333333333333333,0.002307309702598784,0.32156070930422054,0.0009469635490209207,0.26397848342739294,0.47101987902502396,-0.16025371274288996,-0.9078399365761998,0.445587360516093,0.5284752530084391,-0.3783897966712086,0.26249257765328876,0.4706917440519702,-0.160003992675784,-0.9071549266632485,0.44621084812555634,0.5297057989457403,-0.3791471015886161
normal_2s,81,1.35,0.0026668880724069906,0.3453867254045261,0.000946816418819349,0.26766842575300304,0.4716649427499598,-0.16161022748060458,-0.9097664261429984,0.44314457584124706,0.5254103098946494,-0.37669258186243715,0.26603070203721807,0.47135691116393397,-0.16109776910747697,-0.9089401775154577,0.4441147635562043,0.5267693627040193,-0.3774682624951083
normal_2s,82,1.3666666666666667,0.0026994632690798322,0.3328974193440941,0.0006388149319555338,0.27063902821777347,0.47153173927121517,-0.16376191456168063,-0.9116656957085294,0.44076198058946564,0.5231385932417213,-0.373929653897673,0.269180871891632,0.47147631590538963,-0.16291469763094138,-0.9108033711155193,0.44182282207503526,0.5242873243801334,-0.37504834161230166
normal_2s,83,1.3833333333333333,0.0024780844977797343,0.3103619455246773,0.0004526131716247889,0.27320028654049106,0.47138633669336294,-0.16569491941596415,-0.9125530528462179,0.43913693367884415,0.5218813148699597,-0.37042847391257666,0.2719284750599209,0.4714147181533406,-0.16481172056657764,-0.9119994808625504,0.43998676555420146,0.5226425362252201,-0.3718894456823309
normal_2s,84,1.4,0.00234710040629137,0.31704394400140956,0.0006567786475156506,0.2763752062253893,0.472121596975166,-0.16688843639700138,-0.9124266945147522,0.43775984641229154,0.520749983406934,-0.3672311215830971,0.274968201388881,0.47189787160265373,-0.16622880511002727,-0.9122915491109909,0.43846445754703645,0.5213487591898462,-0.36870447750093505
normal_2s,85,1.4166666666666667,0.0025732129096254094,0.35289537143959876,0.0009576703711040729,0.28047251121324174,0.47352108071930127,-0.1680283800450173,-0.9122677086332489,0.43562780966750614,0.5189824750592822,-0.3646669283309284,0.27873087220669285,0.473007402145417,-0.16745564011428016,-0.912275288287036,0.43652534278563876,0.519731129926983,-0.36594368762044743
normal_2s,86,1.4333333333333333,0.0028848550079591424,0.3774757110083111,0.0009371009316996217,0.2846456166604377,0.47455580814705073,-0.17005233703942835,-0.912682609032505,0.4326406881824362,0.5170037156878301,-0.36191135951222714,0.28277409938788883,0.4740657673524659,-0.1692262073603331,-0.912553779338889,0.4338698171779808,0.5178666161523992,-0.3631862041690617
normal_2s,87,1.45,0.002973214848390683,0.3780113721687673,0.0006192770712115498,0.28804740598773365,0.4748037675729659,-0.17284566835366288,-0.9130643757659067,0.42975027274682853,0.5158451112020787,-0.3581406860330104,0.2863788441617217,0.4745701442867602,-0.1716959523013806,-0.9129028687050833,0.4310537223519978,0.5164846580493465,-0.35973611561559043
normal_2s,88,1.4666666666666666,0.002901203309968549,0.3720065486977617,0.00046739602737750166,0.29098501470677435,0.4750304635176103,-0.17539074211363917,-0.9124314152321688,0.42765630717849773,0.5157250201101407,-0.353686649142224,0.28952754834525424,0.4748847192649176,-0.17421795278371502,-0.9125806265909182,0.428731270573238,0.5159653162810696,-0.355599903874835
normal_2s,89,1.4833333333333334,0.0028718639121536535,0.3810021583627447,0.0006808665016234609,0.29447882360000643,0.476128210902201,-0.17716311320646091,-0.910785025659253,0.4258513713830627,0.5157519764828293,-0.3495953217619919,0.29291217669889535,0.47573469255557516,-0.17622855641637392,-0.9113531942120374,0.42676258948620416,0.515819436682759,-0.3514946063430119
normal_2s,90,1.5,0.003031923945465624,0.4060058375843933,0.0009567863535659437,0.2988352008406682,0.47788003871521456,-0.1788452394574145,-0.9091093959913306,0.42333449046356053,0.5151607721022006,-0.34619970752594376,0.29696107785054277,0.4772011489379634,-0.17801389327262263,-0.9098193848459613,0.4244191624199439,0.5153691244943971,-0.34787427907542995
normal_2s,91,1.5166666666666666,0.0032463355657953276,0.42540320712016194,0.0009168989781771986,0.30320550591731266,0.4792564501543634,-0.18137147680260635,-0.9080141381909587,0.4200072137178023,0.5143731510808397,-0.3426785920761857,0.3012296757261044,0.4786060223415772,-0.1803046147436535,-0.9085853784102684,0.4214031818618393,0.5146882131454709,-0.3443215260726949
normal_2s,92,1.5333333333333332,0.0033466551901211662,0.43325570250536394,0.000608999563130037,0.3067408947958929,0.4798349306429558,-0.18462422189111255,-0.906895324922651,0.4168227546146246,0.5144172536206415,-0.33821118770710445,0.3049970575578667,0.4794459802535898,-0.18325304478747226,-0.9074301164413647,0.41827203042331357,0.5145029179740773,-0.3401435393506502
normal_2s,93,1.55,0.003376112823727806,0.4374909106295348,0.0005093135422936096,0.3097471283108595,0.48038049574868863,-0.18758318186736136,-0.9047744470941006,0.414482008619292,0.5155081026481941,-0.33313177535790284,0.3082441274360576,0.48008470197272685,-0.1862090246753272,-0.9056147616661118,0.4156811952057207,0.5151899924274764,-0.3353494211955057
normal_2s,94,1.5666666666666667,0.0034033402616451386,0.4450903851171863,0.0007077151366761802,0.31324358557666593,0.4817849854803389,-0.18972158639051753,-0.9016558768331461,0.4124784303993215,0.5167508412579312,-0.32848854793252913,0.3116616949222407,0.4812469371585173,-0.1886076163024557,-0.9029085206591224,0.41349180520134626,0.5162569386188287,-0.330658786785563
normal_2s,95,1.5833333333333333,0.003486510309689557,0.45774762709923356,0.000943716465553039,0.31753602176645607,0.48383096824502286,-0.1917199309805606,-0.8985268639305316,0.4098116402956502,0.5173768296185183,-0.3246161963033805,0.3156773094737876,0.48301327972557034,-0.19073196435939269,-0.8999132823885041,0.41097606747284304,0.5170224385752162,-0.3265273766690455
normal_2s,96,1.6,0.003589542436560341,0.4689631344348178,0.0008863560402556399,0.32177558267998857,0.48548850144655076,-0.19451099387022905,-0.896000065859497,0.4063835036661968,0.5178043543136586,-0.3206947524464707,0.31984600050542583,0.4847052143697565,-0.1933110818726476,-0.897238277673126,0.40783661955814343,0.517556885107431,-0.3225392699416426
normal_2s,97,1.6166666666666667,0.003672105768454011,0.4800009314491705,0.0006090473610385216,0.32511361528632154,0.4863346400316806,-0.1979759938895085,-0.8934745832757649,0.40314727434186287,0.5190580867192999,-0.3159042313273358,0.3234468550467342,0.485818959937033,-0.19649548244911302,-0.8946654885876255,0.40463101247670163,0.5185830261768488,-0.3180025673728013
normal_2s,98,1.6333333333333333,0.0037678320230956084,0.4906569825203214,0.0005702704409175648,0.3278564762483517,0.48713398493288734,-0.20109386928294312,-0.8899749155085181,0.4008036186135972,0.5213495838476551,-0.31057927507789906,0.32646119722860484,0.48671779815892596,-0.19963497244258113,-0.891459084884886,0.40201462995309506,0.5204741654730207,-0.3129271461682472
normal_2s,99,1.65,0.003829096314734605,0.4956646734937711,0.0007346533207057709,0.33102454020588484,0.48877797779702936,-0.20333749219123748,-0.8855084216425348,0.3988455012073459,0.5237805395098291,-0.3057680035613862,0.32958063796170783,0.48812605377011903,-0.2021633433428543,-0.8873912774504108,0.3998482333495556,0.5227343399110418,-0.3080325880925921
normal_2s,100,1.6666666666666667,0.0038391231852922614,0.4963976391431113,0.0009180168689006461,0.33492494733482486,0.49104880522387573,-0.20538740814055262,-0.8810653151962686,0.396271802780815,0.5255788942512829,-0.3018046123016687,0.3332339405072518,0.49012395439441714,-0.20436450149032415,-0.8830669195736232,0.3974034077654555,0.5246788146589106,-0.30377453170910773
normal_2s,101,1.6833333333333333,0.0038318863140077886,0.49853644713185297,0.0008459522985786859,0.3387106029873361,0.4929161593988363,-0.20817684280520785,-0.8772611924920195,0.39298341232081857,0.5271595570134138,-0.29786823202449786,0.33697770796908594,0.49203259060347077,-0.2069669108954757,-0.8790982008897208,0.39438192650447323,0.5263745754300055,-0.29973616154015786
normal_2s,102,1.7,0.003883762555648952,0.5109526576837926,0.0006192669254691978,0.3415349689004466,0.4939567463775152,-0.21158784412520495,-0.8734980666395538,0.38993238533464614,0.529543874908494,-0.29313759096439324,0.3400929667260452,0.4933478091160479,-0.21012113059391585,-0.8752700343884185,0.3913402479704117,0.5285410143209714,-0.2952243376869748
normal_2s,103,1.7166666666666666,0.004030776746428007,0.5266719525084335,0.0006408647585779268,0.34370684856883826,0.4949348339250547,-0.21460054014250005,-0.868803321571687,0.38781798395027745,0.5329401445776393,-0.28794568305188756,0.34256333623600743,0.49443256707371963,-0.21317855904743033,-0.8708494808274727,0.388932450300398,0.5315481567028743,-0.29024759645391673
normal_2s,104,1.7333333333333334,0.004120271201408208,0.5293612485284582,0.0007595640281602466,0.3462493691179839,0.49674154524994635,-0.21668932786384487,-0.8631871716996415,0.3861315801212459,0.5364468728849449,-0.2833386456592447,0.34508304479964946,0.4960108848806907,-0.21557523774910892,-0.8656116097695814,0.38701779295136823,0.5348968351882802,-0.2855239078866064
normal_2s,105,1.75,0.004066802435131347,0.5193478547524041,0.000879850495336481,0.34947269972393485,0.49915876189233693,-0.21853658341409263,-0.8576426552265255,0.3838702910873141,0.5392888954776279,-0.279648387199277,0.34808375178968903,0.49816268393677443,-0.2175969055158141,-0.8601641116369835,0.38486618034898745,0.5378991757500213,-0.28150679540621615
normal_2s,106,1.7666666666666666,0.003956856093143677,0.512647699376681,0.0007965736463096956,0.35253302012886667,0.5011558826004971,-0.22107763617200943,-0.8527881609997058,0.3809330903680219,0.5418781060189268,-0.27605147860454293,0.3511252005169407,0.5002087262232296,-0.21997286215584594,-0.8551219955675315,0.3821775446198118,0.5406190905218292,-0.27777674758520304
normal_2s,107,1.7833333333333332,0.003975215607767259,0.5259766515468581,0.0006380869682615239,0.3545872793734649,0.5023093295438559,-0.2241968762319276,-0.8480284609427293,0.3782699846570833,0.5452329327354719,-0.27172384882931905,0.3534917936441348,0.5016445655049976,-0.22285556139946788,-0.8502729527283908,0.3795063610515404,0.5437730041373345,-0.2736378634482818
normal_2s,108,1.8,0.004168803998298208,0.5464703524881261,0.0007144220604749775,0.3559479478633731,0.5033830937903729,-0.22687697587149752,-0.8423936622768721,0.376578072828033,0.5495588556026744,-0.26699548749441165,0.3551706738159313,0.5028329636494624,-0.22559787082806848,-0.844886806659357,0.3775046015237522,0.5477280592270041,-0.26909548255208726
normal_2s,109,1.8166666666666667,0.004286760299416236,0.5475380672337677,0.0007812880100649063,0.3576419658339802,0.5052680264680499,-0.22859504148142235,-0.835896665105141,0.37534646778410785,0.553951672107904,-0.2629093574118932,0.3568599707134492,0.5044974385346478,-0.22764192525478996,-0.8387412549499946,0.3760293147876672,0.5519824011389654,-0.26486551733038743
normal_2s,110,1.8333333333333333,0.004180443620641516,0.5281390487628576,0.0008306240084838639,0.35998342879763257,0.5077457389514525,-0.23003628680501068,-0.8295331532321798,0.37356995021788314,0.5576336201949724,-0.25979405694125224,0.35899510466579343,0.5067178765065192,-0.22927547484383856,-0.8324466896682373,0.37434810853879136,0.5558454841279946,-0.2613979062793011
normal_2s,111,1.8499999999999999,0.0039777899987985775,0.5132281176055176,0.0007401171726709712,0.36213252385350375,0.509785359072783,-0.23213897091543145,-0.8239241180826242,0.37114509742622714,0.561014111299372,-0.25682274574077507,0.36113976630352107,0.5088146796257159,-0.23122853158953652,-0.8266207616540113,0.3721585501610619,0.5593786496470939,-0.25826926554827184
normal_2s,112,1.8666666666666667,0.003963424173073293,0.5272925811685719,0.0006632738050719685,0.3632502576297908,0.5109630347307641,-0.2347904707835716,-0.8184768875211346,0.3690194773996583,0.5651092102073098,-0.25316787363558463,0.362582386862228,0.5102831246510428,-0.2336564933390732,-0.8210537384859331,0.37001269964057115,0.5632959045772243,-0.2547802534387552
normal_2s,113,1.8833333333333333,0.004198292290705526,0.5251307224647772,0.0007861671515315317,0.36365317911877226,0.5120424770495048,-0.23697646976608547,-0.812224073754185,0.36788772428811994,0.570122155203242,-0.24915591527565145,0.3633141083448125,0.5114860874863574,-0.23591930879053422,-0.8150179583145113,0.36856007977073146,0.56796215412192,-0.2509335746894583
normal_2s,114,1.9,0.003931799298044778,0.5076213774432946,0.0006724516737674683,0.36522927632563235,0.5140938222493524,-0.23872237835752447,-0.8063042861475308,0.36583568885733336,0.5738439061970515,-0.24668070191474603,0.36462323913887396,0.5132686186956051,-0.2378309042061738,-0.8090613979868677,0.3666977031697758,0.571982802680504,-0.24802518579786076
normal_2s,115,1.9166666666666667,0.003905255094684064,0.5113444573777387,0.0006745475702891203,0.3664801281269635,0.5161091976166056,-0.24026628727358795,-0.8001461298834001,0.364123608522943,0.5778533894725941,-0.2442486537659542,0.36589252482174434,0.5152103103164336,-0.23949072380347644,-0.8029670325613446,0.36493806815729246,0.5759958106412901,-0.24544230660775596
normal_2s,116,1.9333333333333333,0.003992547276685462,0.5303051708630308,0.0006978682496065897,0.3672376917400997,0.5180009313961377,-0.24158343521715378,-0.7936440984537617,0.3629424144952303,0.5823434186651626,-0.24169950829481998,0.3668119928841415,0.5171178555629785,-0.24091605553459858,-0.7965939928709369,0.3635738517867421,0.5803349020372932,-0.24288241425168478
normal_2s,117,1.95,0.004205121225536975,0.5679256711844943,0.0007620588544036098,0.367333924382378,0.5196813518328259,-0.2426490608911019,-0.7866926853505918,0.3624830379844796,0.5875068074100547,-0.23887300296688949,0.3671686445688784,0.5188701563123083,-0.24209332675657685,-0.7898256119196204,0.36282817828910174,0.5852374361049629,-0.24013967248446416
normal_2s,118,1.9666666666666666,0.004584107076833896,0.6293379808954133,0.0008984895453976766,0.3666007832711357,0.521062787171548,-0.24343840299831218,-0.779186384065866,0.3629364102009754,0.5935363693425683,-0.23560887524770882,0.36678039710674165,0.5203692508801924,-0.24301269972154635,-0.7825560689327543,0.36290251844546767,0.5909082295152657,-0.23704293137965757
normal_2s,119,1.9833333333333334,0.005154795074025742,0.7180234198220473,0.0011177312703310167,0.3648702256237099,0.5220575656571811,-0.24392670024166455,-0.7710196880915605,0.36449346235500196,0.6006249180980008,-0.23174686260282412,0.3654746639592747,0.5215235131593483,-0.24364197367252224,-0.7746698256664148,0.36399007775862585,0.597550578027999,-0.23342371024969974
normal_2s,120,2.0,0.0059450429201755835,0.8258210983965902,0.0014336129036960944,0.36197420865743773,0.5225780155346029,-0.24408919132403886,-0.7620870909196513,0.36734512565684374,0.6089652673116502,-0.22712670249778144,0.36308184486186496,0.5222564614657372,-0.24395159487618878,-0.7660683010190932,0.3662835675327982,0.6053536600171525,-0.22912011685596512
fast_0.5s,0,0.0,2.765946135106709e-06,0.4266680764104609,9.00503690823205e-07,0.3678819966707605,0.5297693709332407,-0.2331436264814319,-0.7625776233061057,0.3572357426181257,0.6004003438356297,-0.23395884150458782,0.36788189311471253,0.5297694785201207,-0.23314097764503902,-0.7625776699436032,0.3572357426181257,0.6004002890129303,-0.23395806263077917
fast_0.5s,1,0.004166666666666667,0.007886050345452224,0.804955949913231,0.00368417532450456,0.36493097449501827,0.5278901731818326,-0.23755679203078664,-0.7583989267601156,0.35584976249854106,0.6063968113750714,-0.2293548386173087,0.3671440612327753,0.5296853666190988,-0.23423446923643892,-0.7615330900035046,0.35688924758822954,0.6018992191298862,-0.23280442474078492
fast_0.5s,2,0.008333333333333333,0.01266834333686471,1.1153277144303375,0.005553200721214999,0.3627180832661975,0.5271606814429234,-0.2406607692191622,-0.7535567679285379,0.3548218567850828,0.6119202554425932,-0.2259621479103139,0.36603751675883706,0.5294384920585247,-0.23583590497508092,-0.7595390614319125,0.35637239988744285,0.6044043796146799,-0.23109246360048932
fast_0.5s,3,0.0125,0.015466952191143322,1.3031679615340428,0.006020012687239914,0.36108710052312604,0.5273754899276977,-0.2426496679145022,-0.7481825789124187,0.3541244637780107,0.617044844188499,-0.22360664897225443,0.3647998894203845,0.5289635367397633,-0.23753693758616232,-0.75669996510345,0.3558104158600848,0.6075644494637796,-0.2292203570616693
fast_0.5s,4,0.016666666666666666,0.017197310158451568,1.4206484320660908,0.005806521073171979,0.359881803804632,0.5283291928473399,-0.2437175979847501,-0.7424077918128039,0.35373002177758456,0.6218447457630928,-0.22211422139178136,0.36357041164391135,0.5288050109241235,-0.2390849741789029,-0.7531268898046879,0.35529031733945976,0.611134577418095,-0.22744458280045526
fast_0.5s,5,0.020833333333333332,0.01839277769645197,1.5065125857801493,0.005296131973743987,0.3589459706495431,0.5298163844130348,-0.24405866929784947,-0.7363638387307399,0.3536109690840642,0.6263941283166786,-0.22131074475754567,0.36241435093252655,0.5290579176490321,-0.24033157226373958,-0.748936091454395,0.35487048027561086,0.6149495249926354,-0.22591196559947008
fast_0.5s,6,0.025,0.01933499020904389,1.5764456833627267,0.004740550282753041,0.3581233785966874,0.531631658835967,-0.2438669917217438,-0.7301821517672724,0.3537397439977093,0.6307671599995605,-0.22102209865819844,0.3613416626602843,0.5297014210233574,-0.24121890168347193,-0.7442475675515037,0.35458779620613545,0.6189039995788252,-0.22469042338567038
fast_0.5s,7,0.029166666666666667,0.020123851620284936,1.6466787946468853,0.004297114461588537,0.35725780518489575,0.5335696103273252,-0.24333667512437873,-0.7239941630234537,0.3540887848187826,0.6350380089620477,-0.22107416268239252,0.36032074470797687,0.5306685242662038,-0.2417512545381561,-0.739184183742965,0.35446304335929724,0.6229375573831887,-0.2237871351144857
fast_0.5s,8,0.03333333333333333,0.02106414462171358,1.7208056290652505,0.004866118385809585,0.35485200597921485,0.5340292255525515,-0.24372291150733852,-0.7184167229152694,0.35490079612826336,0.6401914892118753,-0.21997710024510997,0.35895350105598417,0.5315086333201113,-0.2422405584327943,-0.7339923593086282,0.35457248155153875,0.6272509709975839,-0.22283365757273926
fast_0.5s,9,0.0375,0.02197755993210702,1.7524498841033542,0.004904480092737748,0.35283689861689455,0.5352387475589905,-0.2431490471588802,-0.7122698767752896,0.3561667610665588,0.6451775529286937,-0.21955233965614024,0.3574241937625712,0.532441385390125,-0.24246490054593478,-0.7285617972709852,0.3549710514302938,0.631732554593512,-0.2220124609780752
fast_0.5s,10,0.041666666666666664,0.021860808903740987,1.7087120471616744,0.004430770050546577,0.3515158669828717,0.5369569407704496,-0.2422848829974971,-0.706600763316166,0.35689544901464465,0.6491921055634898,-0.22015964396070695,0.3559471624047782,0.5335703285872155,-0.24242293133216325,-0.7230715045296904,0.3554521508263815,0.6360975014688979,-0.22155007742193317
fast_0.5s,11,0.04583333333333333,0.020875974070622295,1.6399878260830358,0.004136632047784712,0.35006070364039354,0.5381517129368546,-0.24207621739715307,-0.7020357490171842,0.35697607034316237,0.6526413800628997,-0.22096265033923412,0.3544757640036932,0.5347157066032033,-0.2423362528484107,-0.7178141680600352,0.3558337489262966,0.6402324369629092,-0.22140367511731232
fast_0.5s,12,0.05,0.020148771774069554,1.619856547730508,0.004480978931593323,0.34764349372605935,0.538398717124561,-0.24241770373451405,-0.6979854859265991,0.3573489902528047,0.6565395995806523,-0.22112429034642989,0.35276763804954964,0.5356364047493305,-0.24235325081571732,-0.7128570358935481,0.3562125592579236,0.6443091609450329,-0.22133290979243742
fast_0.5s,13,0.05416666666666667,0.02037483183871676,1.6433585171730483,0.005054223917521685,0.3445912304088464,0.5384614015728642,-0.24230180449963576,-0.6934848891263559,0.3587019869504677,0.6610889396892213,-0.22096199064859118,0.3507234750688939,0.5363425999342823,-0.2423369248051461,-0.7080140388120405,0.3568349161810596,0.64850403648345,-0.2212392297514392
fast_0.5s,14,0.058333333333333334,0.020730360160529235,1.633665606565058,0.005017508034347614,0.34194471072591354,0.539230324837522,-0.2412149062692189,-0.6885505269664411,0.3605152061801706,0.6653828136191222,-0.22150661962460688,0.348528680956482,0.5370646195013361,-0.24205361101689135,-0.7031482054208137,0.3577549886808373,0.6527236707635791,-0.22130525330824075
fast_0.5s,15,0.0625,0.02014194804376825,1.5543172540508121,0.004426729209614383,0.34003117398564797,0.5404870952912307,-0.2398509677590413,-0.6841805154094758,0.3617748416988291,0.668642028563549,-0.22307516624696902,0.34640435237220424,0.5379202802188306,-0.24150565998007867,-0.6984062520368317,0.3587599519353353,0.6567033150228856,-0.2217484792432666
fast_0.5s,16,0.06666666666666667,0.01874426799544051,1.4566195721103508,0.004104488577136476,0.3380231979209715,0.5412011687550567,-0.23915644103312175,-0.6809969440806635,0.36236928620044706,0.6712755523553534,-0.22482967236604004,0.34430903008885183,0.5387405048966044,-0.24091835524333943,-0.6940558004706147,0.3596623508531806,0.660345013812546,-0.22251909098677053
fast_0.5s,17,0.07083333333333333,0.017707795342297786,1.417123775158204,0.004531529457176452,0.33509339324187076,0.540949394605562,-0.23902633514380647,-0.6784068078735629,0.3632383430175661,0.674300025251881,-0.22593195890626525,0.34200506511218626,0.5392926873834155,-0.24044236288102178,-0.6901435867897924,0.36055634889427696,0.6638337053013256,-0.22337147665557194
fast_0.5s,18,0.075,0.017753720240463677,1.429037161699756,0.005137297749270764,0.33156909973889614,0.5404966016651992,-0.2384534028449964,-0.6754408604137506,0.36506931475197746,0.6779203104777398,-0.22669834937464253,0.33939601572187955,0.539593626712103,-0.23994205632220794,-0.6864679406643003,0.3616845903587021,0.6673552932099194,-0.22420233901989725
fast_0.5s,19,0.07916666666666666,0.01799491117557371,1.4118650082014095,0.005046044930836782,0.32849128731833527,0.5407349294047383,-0.23692426670579186,-0.6721109765971477,0.36734194946482396,0.6812327900894257,-0.2281585937278548,0.33666963088086005,0.5398793120922178,-0.2391851529307,-0.6828787634925566,0.36309893013523253,0.6708246066832615,-0.22519057960894395
fast_0.5s,20,0.08333333333333333,0.01734378613206714,1.33114925159152,0.004381140744757548,0.3261872023987889,0.5414477669141113,-0.23513307485765875,-0.6694100541090253,0.36904211374030355,0.6834615143117121,-0.23062853351767784,0.3340490756389516,0.5402714621183529,-0.238174886815413,-0.6795115545294856,0.3645847260365003,0.673983891083337,-0.22655083862398784
fast_0.5s,21,0.0875,0.015978325546790035,1.23985185842236,0.004069564840249855,0.3238292738234342,0.5416065457381003,-0.23402642962403883,-0.6679544558882973,0.3700579355830061,0.6850189563180111,-0.23326902218184417,0.33149407433447475,0.5406055200147072,-0.23714037809098504,-0.6766222725575455,0.3659530284231267,0.6767427060039733,-0.2282310300234613
fast_0.5s,22,0.09166666666666666,0.015069668982335313,1.211601950687132,0.004566381660612894,0.32058981855973984,0.5407902770318729,-0.23349945813371642,-0.667144967244298,0.37132900774002325,0.6869255082899822,-0.2352406414188037,0.32876794558718986,0.5406516743560107,-0.23622688987853852,-0.6742529842380311,0.36729702325235086,0.6792883376616727,-0.22998251558941474
fast_0.5s,23,0.09583333333333333,0.015260375217356782,1.2351660378381244,0.005176924890788753,0.31679575063850274,0.5397661241109245,-0.23254500574946046,-0.6660056839840826,0.37354246749953585,0.6893900116511149,-0.23685841696833607,0.32577484297750986,0.5404302582009691,-0.23530372041975625,-0.6721911906322029,0.3688583843141471,0.681813698860127,-0.23170073061378074
fast_0.5s,24,0.1,0.015649782717202347,1.2353087824592925,0.005037296638332752,0.3134874962725806,0.5394287161414517,-0.23064976838161852,-0.6645414185989857,0.37617793394892696,0.6915130287311239,-0.2391507373469035,0.3227026269106239,0.540179834818906,-0.2341402324102218,-0.6702809063701379,0.3706874939376565,0.6842367835412981,-0.2335633271631225
fast_0.5s,25,0.10416666666666667,0.01529997113470883,1.188343573062888,0.004341153460833953,0.3109916556304556,0.5395640655657571,-0.2285079542780183,-0.6637376540225279,0.3782211718644631,0.6925229636251965,-0.2424320160861336,0.31977494281140356,0.5400259277402916,-0.23273516233652122,-0.6686450587171634,0.3725709134193581,0.6863083926273726,-0.235781343611761
fast_0.5s,26,0.10833333333333334,0.014491219722387982,1.1442563424501249,0.004068046495293402,0.30847992496365717,0.5391463356486778,-0.2270662181022997,-0.6642030460690821,0.37956022563393466,0.6928367853904104,-0.2458616119004753,0.31695122245001384,0.5398061329184674,-0.23132099004637383,-0.6675345260976931,0.37431824147300224,0.6879405549494664,-0.23830225203660163
fast_0.5s,27,0.1125,0.014192734606434991,1.1562506699775632,0.004597983027502649,0.30512381933690147,0.5377573491168333,-0.22621973670704582,-0.6653304472146472,0.38113461369870877,0.6934794894430838,-0.24859854720713365,0.31399431239537384,0.5392939100308427,-0.23004279387072904,-0.6669835401369919,0.3760223345294289,0.689325226455513,-0.24087551234352078
fast_0.5s,28,0.11666666666666667,0.014749598022636307,1.2056864247334655,0.005177022777590973,0.30124939866368394,0.5361671296775241,-0.22496140732145808,-0.6661358666530998,0.3836313998975036,0.6946645909550572,-0.25095622844227633,0.31080802125995965,0.5385121871896373,-0.22876941205280654,-0.666771657336334,0.3779246008714476,0.6906600020471051,-0.24339483545659843
fast_0.5s,29,0.12083333333333333,0.015411705171155239,1.2391055273924783,0.004995470113299653,0.29789620004853934,0.5352731827724275,-0.22277798424067138,-0.6666159521581327,0.38653012269831155,0.6954973582098625,-0.25396137134232666,0.3075800540109491,0.537702643572463,-0.2272743243535737,-0.6667327141732401,0.38007598132816356,0.6918693968531042,-0.2460371933579947
fast_0.5s,30,0.125,0.015631531606420855,1.2503135827778593,0.004313246735627015,0.29538991622795613,0.5348643790536738,-0.22036374440609482,-0.6677480214520176,0.3888164518360286,0.695210894881413,-0.257926671781231,0.3045325734197599,0.5369931082750047,-0.225549391368109,-0.6669865097615478,0.38226109895512983,0.6927048299537898,-0.24901032362438985
fast_0.5s,31,0.12916666666666665,0.01571875096982125,1.2724029810370285,0.004102119080236031,0.2929013335955099,0.5339176878167955,-0.21866542507696413,-0.6701326423021406,0.390378315617301,0.6942268246818576,-0.262009735792178,0.3016248173468186,0.5362243164710038,-0.22383161440686503,-0.6677730081527856,0.38429040312067264,0.6930853975801006,-0.25226106882499316
fast_0.5s,32,0.13333333333333333,0.01615875476675848,1.3237733975308614,0.004626699413303344,0.2896010694800681,0.5320176522515079,-0.21757830269688663,-0.6731547323174979,0.39215508971398466,0.6935747158152221,-0.2653678092505241,0.29861881219749176,0.5351726213258919,-0.222265011859653,-0.6691184775930172,0.38625657476900066,0.6932076560689997,-0.2555368359699417
fast_0.5s,33,0.1375,0.01695745916084704,1.3868963101603937,0.005139745891180394,0.285814311431163,0.5299368991007314,-0.21609539378467757,-0.6758225914151704,0.394833663778491,0.6934725393724219,-0.2683125100656165,0.29541762954640205,0.5338636643057908,-0.22071981846230335,-0.6707945386149349,0.38840084702137323,0.6932738164258471,-0.258729975088247
fast_0.5s,34,0.14166666666666666,0.017725565913188638,1.441324989463238,0.004925998684893374,0.28257976082089586,0.5285753899040733,-0.21370359386665358,-0.6781254509318085,0.39789336710410456,0.6930298706945331,-0.2718687659306364,0.29220820150449717,0.5325416716826875,-0.21896854398511592,-0.6726272383919638,0.3907739770420561,0.693212889131887,-0.2620154327732429
fast_0.5s,35,0.14583333333333334,0.01835653588119193,1.4942108904886322,0.004302648770214487,0.28022232064908925,0.5277242779736486,-0.21109734506554861,-0.6810335656873062,0.400319622672081,0.6914839432159313,-0.27634749751162063,0.28921179392838997,0.5313373621907229,-0.2170039360699835,-0.6747287836522526,0.3931603884495623,0.6927807215620926,-0.26559933303467886
fast_0.5s,36,0.15,0.0190652510608059,1.5557928778571377,0.004173040654810777,0.27791204061370006,0.5263626189075354,-0.2092235752894459,-0.6851408470845283,0.4020000731388509,0.6892603088449627,-0.2809045608418304,0.28638691106091896,0.5300937232351943,-0.21506185719253718,-0.6773317658447818,0.39537030962188446,0.691900683105557,-0.2694264685136292
fast_0.5s,37,0.15416666666666667,0.01987235995632468,1.6190578624623004,0.004655850653088135,0.2748188594339656,0.5240768268915913,-0.2079777783120102,-0.6898260072815945,0.40387376937379416,0.6873922425271439,-0.2846954887848059,0.2834948367011752,0.5285894680451046,-0.21328781243237319,-0.680455361401827,0.39749617455986186,0.6907735076800365,-0.2732428889793498
fast_0.5s,38,0.15833333333333333,0.020617158915554507,1.6740999489344668,0.0050728900903046804,0.2712673467694171,0.521641169677582,-0.20635321552754426,-0.694091626976624,0.4066272380229045,0.6861011855335929,-0.2880302344380891,0.2804379117750863,0.5268523642877851,-0.21155154127131115,-0.6838644581462046,0.3997789404256225,0.689605370755608,-0.27693900533193166
fast_0.5s,39,0.1625,0.02124238394649721,1.7263633154420206,0.00483808978367985,0.26829564738528416,0.5199570095087469,-0.2038370555753303,-0.6979217306105473,0.40973940910676226,0.6844999364295895,-0.29193211909255334,0.2774023943606151,0.5251285781681395,-0.20962573088324427,-0.6873787454942754,0.4022690575959074,0.6883290719464285,-0.28068804574814393
fast_0.5s,40,0.16666666666666666,0.021951182633144592,1.7904654024081759,0.004316980215921959,0.2662281674484057,0.5188166541059229,-0.2011240421615626,-0.7022818952941823,0.4121952731898732,0.6818286991084604,-0.2967105249659498,0.27460889646756115,0.5235506401192448,-0.20750340436839027,-0.6911044977621775,0.40475061149439884,0.6867040447272844,-0.2846945058202672
fast_0.5s,41,0.17083333333333334,0.02285432819397293,1.8598635446626317,0.004281251787094713,0.2642345163020432,0.5172000653462985,-0.1991614333406026,-0.7077618920425544,0.4138820113707848,0.678515741835726,-0.3015198460103504,0.27201535087748674,0.5219630375290439,-0.2054205876357521,-0.6952688162166957,0.40703346146349534,0.6846570257831995,-0.2889015630028835
fast_0.5s,42,0.175,0.02366967619575761,1.9128540545470618,0.0046903305254823845,0.26148424373657175,0.5146943176415505,-0.19784508135578874,-0.7137368298948167,0.41573818882368707,0.6755968044453216,-0.305514237018384,0.269382518857969,0.5201458216860831,-0.2035238643316996,-0.6998858523872413,0.40920964330354326,0.6823919100788362,-0.29305396399613
fast_0.5s,43,0.17916666666666667,0.024160716968172274,1.9457552660064625,0.00498650157108613,0.25830157558574723,0.5120740984889471,-0.19616863387875236,-0.7192062162923971,0.41844982817374854,0.6732955478719084,-0.30900236378955426,0.2666122230042784,0.5181278500473544,-0.20168193101346465,-0.7047159792517624,0.4115196895210946,0.6801177535772429,-0.2970402256550168
fast_0.5s,44,0.18333333333333332,0.02448887969882935,1.980489724739168,0.004743352557454469,0.2557243503220191,0.5102409580747103,-0.19361967288916246,-0.7241515185155322,0.42149534365743124,0.6707267545261353,-0.3130063571034275,0.26389030105575606,0.5161561719641987,-0.19966896920229937,-0.7095748350789952,0.41401360305517876,0.6777700581858189,-0.30103244932925155
fast_0.5s,45,0.1875,0.025050755014350102,2.0359814815802166,0.00436076244204031,0.25407669694494833,0.508987171531869,-0.19089338139752132,-0.7295362533595765,0.4238592055605288,0.6671323881924506,-0.31783451091016957,0.2614369691603366,0.5143639826493112,-0.19747887972488298,-0.7145651467647746,0.41647500368151624,0.6751107199706353,-0.3052339718079601
fast_0.5s,46,0.19166666666666665,0.025881279625254192,2.094623914603227,0.004421328603871915,0.2525279676521147,0.5072924610285224,-0.18893748137112487,-0.7359486048402111,0.4254280780313221,0.6629422669784976,-0.3226402380881753,0.25920977019059205,0.5125961507738926,-0.19534641296859342,-0.7199109789796221,0.4187132722689677,0.6720686663980271,-0.30958629635756957
fast_0.5s,47,0.19583333333333333,0.026504529391030974,2.1255357284827965,0.004730625501459647,0.2502474656586587,0.5047434691564293,-0.18764831175617447,-0.7427625414008324,0.42714002100690224,0.659193485827265,-0.326576824297851,0.25696914431523654,0.5106329390389964,-0.19341917127773334,-0.7256239004551281,0.42081995945345135,0.6688498152160051,-0.3138332160806515
fast_0.5s,48,0.2,0.026641390585880373,2.12939979117083,0.004887209806611783,0.24755917099060556,0.50211427567741,-0.18602002760208225,-0.7489768471396224,0.429680572369491,0.6561108823601464,-0.3299521826708187,0.25461659619971333,0.5085032256395166,-0.19156635726939292,-0.7314621714633959,0.42303511268246125,0.6656650199600386,-0.3178621684608403
fast_0.5s,49,0.20416666666666666,0.026599332264832663,2.139169275045301,0.004649284557151089,0.2455006673140849,0.5003056640272339,-0.183540736254037,-0.7545726525543054,0.43252769130871876,0.6528102538716046,-0.33378781241573197,0.25233766293891013,0.5064538874033462,-0.18956279959011826,-0.7372397600536132,0.42540825733902565,0.662451386199714,-0.3218443148041755
fast_0.5s,50,0.20833333333333334,0.0269047852341006,2.218758713518876,0.004431242768043763,0.24439581008468755,0.49910900078664694,-0.18090616095376572,-0.7605134930504132,0.4346654322105988,0.648534433935026,-0.33839150170969906,0.25035227999789,0.5046177497170592,-0.1874032988778717,-0.7430581412757131,0.4277225510569189,0.6589722420809208,-0.32598230852481136
fast_0.5s,51,0.2125,0.028613886360992095,2.344805659943004,0.005246093260917812,0.24341364967998003,0.49750297499586127,-0.1790645749411544,-0.7695055425353696,0.4359800922403471,0.6437139815840623,-0.34291628855034767,0.24861767314724947,0.5028391097821762,-0.18532157956813053,-0.7496699584994136,0.429786936352776,0.6551577362965174,-0.3302165603934897
fast_0.5s,52,0.21666666666666667,0.030044658933248626,2.3085769338457185,0.0060302269506708785,0.2417231499206486,0.49507308843108677,-0.17791287509958403,-0.7791587002098821,0.43740942314742626,0.6393866193741321,-0.34651521994270545,0.2468939966508097,0.5008975550730068,-0.18346671389987104,-0.757042173977519,0.4316925580514386,0.6512149035901061,-0.33429054199931485
fast_0.5s,53,0.22083333333333333,0.027699247803298126,2.077517122706568,0.004819157228287332,0.23964790488988402,0.4925921886883791,-0.17644577592781346,-0.7827441445679424,0.43963872344839233,0.6357777137479832,-0.34949611240681133,0.2450824245966679,0.4988211651594561,-0.1817086413315173,-0.7634676987241606,0.433679099400677,0.6473555500744554,-0.33809121665413466
fast_0.5s,54,0.225,0.024375103635572565,1.8926534290739847,0.003028312335768101,0.23822505708733904,0.49095975129432706,-0.17415193972473453,-0.7825518364247885,0.4421457919316577,0.6320035052696247,-0.35288051696324296,0.24336812469484592,0.4968558644909096,-0.17982205635702297,-0.7682387046009947,0.43579577253342217,0.643517589389272,-0.3417891898424126
fast_0.5s,55,0.22916666666666666,0.02302793856467971,1.8312439457820393,0.0018923104670846992,0.23777795721718442,0.48996577391614143,-0.171727633427319,-0.7837005062996909,0.44391461161531726,0.6273071971833201,-0.35697642876562596,0.24197067467557984,0.4951334544839104,-0.17780409630178423,-0.7721040925236243,0.43782548230389595,0.6394651008764318,-0.3455874068194911
fast_0.5s,56,0.23333333333333334,0.022786567606275433,1.8162217796333664,0.0015040970248665544,0.23747507933781198,0.4885875293845324,-0.17012165488715156,-0.7867802169412073,0.44483150742588234,0.6221196548046323,-0.36093725533554954,0.24084682432688387,0.49349703369591297,-0.17588648785888217,-0.7757730904119858,0.43957698858439254,0.6351287973171219,-0.34942561446065745
fast_0.5s,57,0.2375,0.022639250770295886,1.7987881188320942,0.0017379080668497363,0.23648473157719158,0.4864090686964217,-0.1692313978728274,-0.7911672745271735,0.4458343678855285,0.6174788524134539,-0.3639165834384428,0.23975625703607084,0.49172499022163096,-0.17422001427253545,-0.7796216665651678,0.44114133340967654,0.6307162591133639,-0.35304768701682104
fast_0.5s,58,0.24166666666666667,0.022347443968793755,1.789035020444267,0.0020368620515639757,0.2351297654395722,0.48420176575376805,-0.16805203631665117,-0.795863210914589,0.44760874701863224,0.6136103606306614,-0.366222947753237,0.23859959297038025,0.48984413330139787,-0.1726754631715271,-0.783682081068135,0.4427581868119155,0.6264397355921015,-0.3563408710047238
fast_0.5s,59,0.24583333333333332,0.02239259125386233,1.8263209578536284,0.0020716461829909144,0.23444648670425286,0.48286361000212147,-0.16607264374210945,-0.8008522689947984,0.44963282728229126,0.6096305819636106,-0.36887880432077946,0.23756136011618192,0.4880990586176869,-0.17102751107831182,-0.787974597562026,0.4444768469295094,0.6222374995002217,-0.3594760308224444
fast_0.5s,60,0.25,0.023308434332900013,1.926523187434068,0.002775891819224285,0.2347573081278467,0.4821831101445962,-0.16398983839029777,-0.8071014197225937,0.45089111251684255,0.6047828430316883,-0.3721932487630996,0.23686044394475628,0.4866201972008172,-0.16927422856283908,-0.7927562351394233,0.4460804133263427,0.6178739513166495,-0.36265683716379654
fast_0.5s,61,0.25416666666666665,0.024921522065390615,2.052635056086511,0.004051593204876956,0.23522965765696402,0.4811360556912125,-0.16275269684795088,-0.8152029110320773,0.45127059408352377,0.5994980960001336,-0.37532099310225264,0.23645279873300043,0.48524922948587723,-0.16764712493296408,-0.7983678677922372,0.44737795851563794,0.613280049062496,-0.36582367557283596
fast_0.5s,62,0.2583333333333333,0.02646618575737509,2.159694554882378,0.005123514501651918,0.23503068244243075,0.4793050274277259,-0.16225880544912163,-0.8245353209925457,0.4517099803754891,0.5948143659223004,-0.37741714110407154,0.2360972325457013,0.4837631288019788,-0.16629764866634722,-0.804909757598487,0.44846096398060076,0.6086635836261381,-0.3687214605701574
fast_0.5s,63,0.2625,0.027578346839062788,2.2509940594352766,0.006064787062201856,0.2344819516701033,0.4774599487317462,-0.1615034300750901,-0.8341025297925495,0.45289580578298316,0.590957236873958,-0.3787919651134156,0.23569337000492613,0.48218727531973843,-0.1650963316739954,-0.8122079811733455,0.44956967443119633,0.6042369459314851,-0.3712384202658525
fast_0.5s,64,0.26666666666666666,0.028725134272151676,2.3737899833032428,0.0072475368450886125,0.23461836120369964,0.4764973839248309,-0.15997562059652626,-0.8438911964478616,0.4543073996313935,0.58704308506589,-0.38046988693589584,0.23542466450858493,0.4807648684693253,-0.16381923771148008,-0.8201287509530416,0.45075410573124564,0.599938537088274,-0.37354702619967695
fast_0.5s,65,0.2708333333333333,0.030654841778730457,2.4507457412393756,0.008897359951751917,0.23576078035301548,0.4762044468788668,-0.15837184041148242,-0.8548707684144451,0.4549305841081638,0.5823151670825886,-0.3827622028138423,0.2355087960271917,0.47962491204470853,-0.1624642502974091,-0.828814179710887,0.4517982253254752,0.5955328186936903,-0.3758524541041546
fast_0.5s,66,0.275,0.030638192789580822,2.3011424681245924,0.009135183555542992,0.23707495468364476,0.4755555666619882,-0.15764086422283236,-0.8634821782522426,0.4546538440036594,0.5772043163450923,-0.384826065829883,0.23590039292960024,0.47860766171859725,-0.16126229357816899,-0.83748113659143,0.4525121299950212,0.5909507626500556,-0.3780967764966892
fast_0.5s,67,0.2791666666666667,0.026943592670290912,2.0170427548968806,0.00704415712740777,0.23772620511711903,0.47413200143821704,-0.1576798135893512,-0.8667988915395863,0.45441755839121917,0.5727483839703903,-0.385819265521027,0.23635681362874683,0.47751231675361805,-0.1603641449921152,-0.8448106018864052,0.4529884870940707,0.5864001226560571,-0.3800267970975938
fast_0.5s,68,0.2833333333333333,0.023519181656643174,1.8101803549129483,0.005341991849301729,0.2380341265946438,0.47270239251875695,-0.15748331116592643,-0.8695559198917592,0.45491011003955634,0.5691727179443276,-0.38605500727234066,0.2367761089224789,0.47630978456578543,-0.15964165002207154,-0.8509969565169117,0.4534688928304421,0.5820932314600016,-0.3815333156381956
fast_0.5s,69,0.2875,0.021747032259127295,1.7035026141206817,0.00501227789226361,0.23903148955672446,0.4721620648616807,-0.15653957013094535,-0.8735072941912602,0.45561285298850523,0.5655933882460343,-0.3865608938766648,0.23734000456290016,0.4752729360843556,-0.15886969173473606,-0.8566245019479116,0.4540048828699579,0.577968332388792,-0.3827910371456883
fast_0.5s,70,0.2916666666666667,0.020879596452112577,1.6639228529388408,0.005270554817818111,0.24103688464591655,0.4722969372435723,-0.15554400974787858,-0.8775075192331575,0.455513807098972,0.5612532664333179,-0.38765164894571563,0.23826433176986786,0.47452911176959095,-0.15804590120040637,-0.8618451727831438,0.4543821139272114,0.5737896970819907,-0.384007953646504
fast_0.5s,71,0.29583333333333334,0.020756220697406794,1.6384786751142493,0.005470256535099421,0.24321362478542868,0.4720802889151284,-0.15544414069527254,-0.882154114137776,0.454503822196816,0.5565827130461392,-0.3884880951415484,0.23950171079322932,0.47391699881950944,-0.15739946825715243,-0.8669223643008211,0.45441254099461253,0.5694880194544152,-0.38512891158569235
fast_0.5s,72,0.3,0.020238597604998843,1.56269446050895,0.005066970737200015,0.24472444531299756,0.47109227406842374,-0.1561355897862549,-0.8868310112393084,0.45352580196530273,0.5526190092776957,-0.3882319270218188,0.24080736030990235,0.47321076037789633,-0.15708102975439514,-0.871899553051009,0.45419085623728506,0.5652707250837252,-0.3859040989635941
fast_0.5s,73,0.30416666666666664,0.018853855189288966,1.4481105500253657,0.004480313729642478,0.2458862055529266,0.47010047591547366,-0.15661124584886274,-0.8905475221044414,0.4532708031177278,0.5495868267388226,-0.3872004805275771,0.24207703245172085,0.4724331224253468,-0.15696072155535698,-0.8765615766114232,0.45396084295739575,0.5613497023822429,-0.3862275401092059
fast_0.5s,74,0.30833333333333335,0.01736972723967739,1.36789510873736,0.004411683292233469,0.2477287953128697,0.46999920683519436,-0.15635734352706507,-0.8932958091982832,0.4532229903524388,0.5466014433157462,-0.3864257015069817,0.24349001993519462,0.47182472506490986,-0.15681333237873776,-0.8807450970411534,0.4537763798061565,0.5576626952566255,-0.3862778671391348
fast_0.5s,75,0.3125,0.0168753976083807,1.3603184446407819,0.004945996478396548,0.2505677870887974,0.47057341778008227,-0.15606707633998737,-0.8960508912399245,0.45237331587051377,0.542904814019004,-0.3862268528029343,0.24525956529811438,0.47151208101627,-0.15663448005849778,-0.8845714614356666,0.4534256138222458,0.5539733527538457,-0.38626686375533764
fast_0.5s,76,0.31666666666666665,0.017173329758804163,1.3658907790734263,0.005248409146732408,0.2535633483320034,0.4707954637823216,-0.1566854831914048,-0.8994131822320375,0.4506156660846857,0.5389262500902059,-0.3857694726884457,0.24733556195361622,0.47133301772854513,-0.15665105040817207,-0.8882818499644631,0.45272312688785576,0.5502116400145999,-0.3861433806109198
fast_0.5s,77,0.3208333333333333,0.01702020031953323,1.3174971346167643,0.004812447046918642,0.2558749545387172,0.4702446169380566,-0.15810547820394763,-0.9027695360728888,0.4488960658746983,0.5357018431176872,-0.3842201245963121,0.24947037020643278,0.4710608455108992,-0.15701164335077253,-0.8919038043874906,0.4517663616345664,0.5465841414230844,-0.3856618858326882
fast_0.5s,78,0.325,0.01596731992970319,1.2311859484364747,0.004211927105706227,0.25781610677020333,0.4696876187453723,-0.15931700609324245,-0.905132211198975,0.4479087559814929,0.533454928304043,-0.38190114004736436,0.25155675927716664,0.470717456294075,-0.1575845505486023,-0.8952109435454338,0.45080196022129804,0.5433017822545023,-0.38472092581226447
fast_0.5s,79,0.32916666666666666,0.014856690221745633,1.1842093093606028,0.004265668833481038,0.26041325720464287,0.47001797820506014,-0.15980313990068817,-0.906496340778966,0.4471411243675151,0.531299294897468,-0.379849557494542,0.2537709241805539,0.47054266209318524,-0.1581423056506661,-0.8980322589957883,0.44988675125785227,0.5403012106959182,-0.3835037820713646
fast_0.5s,80,0.3333333333333333,0.01480267945559566,1.2127157364141103,0.004920828671270371,0.26397848342739294,0.47101987902502396,-0.16025371274288996,-0.9078399365761998,0.445587360516093,0.5284752530084391,-0.3783897966712086,0.2563229102859793,0.47066214771462733,-0.158677609923462,-0.9004840972140352,0.44881190357241246,0.5373448412526071,-0.38222695719542743
fast_0.5s,81,0.3375,0.015546090606601514,1.2543900346493395,0.005224219431748489,0.26766842575300304,0.4716649427499598,-0.16161022748060458,-0.9097664261429984,0.44314457584124706,0.5254103098946494,-0.37669258186243715,0.2591593325959447,0.47091292927828604,-0.15941414896391712,-0.9028046425848292,0.4473950716396211,0.5343612626684143,-0.3808441214899936
fast_0.5s,82,0.3416666666666667,0.015863340231957217,1.247303226404431,0.004724916332692007,0.27063902821777347,0.47153173927121517,-0.16376191456168063,-0.9116656957085294,0.44076198058946564,0.5231385932417213,-0.373929653897673,0.2620292099517785,0.47106754223641806,-0.1604974426483229,-0.9050199456055796,0.44573679887708223,0.531555537083354,-0.3791146883162951
fast_0.5s,83,0.3458333333333333,0.01539400701072797,1.2097803072551594,0.0041107334417702195,0.27320028654049106,0.47138633669336294,-0.16569491941596415,-0.9125530528462179,0.43913693367884415,0.5218813148699597,-0.37042847391257666,0.264821927387411,0.4711471401116176,-0.16179273112387485,-0.9069032668526968,0.4440868325775227,0.5291369166828134,-0.3769422226589049
fast_0.5s,84,0.35,0.014916507702730026,1.2075297800878828,0.00424827355354004,0.2763752062253893,0.472121596975166,-0.16688843639700138,-0.9124266945147522,0.43775984641229154,0.520749983406934,-0.3672311215830971,0.26771027909849576,0.4713908176378486,-0.16306920232618022,-0.9082840960875032,0.4425050860362149,0.5270402236322362,-0.3745150154382922
fast_0.5s,85,0.3541666666666667,0.015316035701898557,1.2652141384867472,0.004950148699364227,0.28047251121324174,0.47352108071930127,-0.1680283800450173,-0.9122677086332489,0.43562780966750614,0.5189824750592822,-0.3646669283309284,0.2709009233564644,0.47192355561705074,-0.1643158898557966,-0.9092799242579247,0.4407857669440377,0.5250258952200171,-0.37205453143919764
fast_0.5s,86,0.35833333333333334,0.016326692631218994,1.3315610129653985,0.005219676554140795,0.2846456166604377,0.47455580814705073,-0.17005233703942835,-0.912682609032505,0.4326406881824362,0.5170037156878301,-0.36191135951222714,0.2743371309230251,0.47258168784947524,-0.1657527532830148,-0.9101305655304995,0.4387494972536373,0.5230203936347837,-0.36951935233729416
fast_0.5s,87,0.3625,0.017000766325140707,1.36107595743618,0.004675070564032953,0.28804740598773365,0.4748037675729659,-0.17284566835366288,-0.9130643757659067,0.42975027274682853,0.5158451112020787,-0.3581406860330104,0.27776464622824554,0.47313709903234763,-0.16752166700733262,-0.9108640650253805,0.4364996911269351,0.521226505282555,-0.3666737227103426
fast_0.5s,88,0.36666666666666664,0.017101677461038783,1.3686440911801503,0.004084777685722802,0.29098501470677435,0.4750304635176103,-0.17539074211363917,-0.9124314152321688,0.42765630717849773,0.5157250201101407,-0.353686649142224,0.2810696799336838,0.4736103200188593,-0.1694841951342244,-0.9112559541200581,0.43428884513982574,0.5198510597538111,-0.3634258961236997
fast_0.5s,89,0.37083333333333335,0.017177826752146446,1.3969004058288326,0.004286557152849385,0.29447882360000643,0.476128210902201,-0.17716311320646091,-0.910785025659253,0.4258513713830627,0.5157519764828293,-0.3495953217619919,0.2844219929169298,0.47423984923077744,-0.17140613578745653,-0.9111381979961083,0.432179476700635,0.5188263234803103,-0.35996874610802787
fast_0.5s,90,0.375,0.017774039394624318,1.4597981647612752,0.004979614690650681,0.2988352008406682,0.47788003871521456,-0.1788452394574145,-0.9091093959913306,0.42333449046356053,0.5151607721022006,-0.34619970752594376,0.28802536966810116,0.47515005359386003,-0.17327203782087977,-0.9106309309661929,0.42996823014136637,0.51791003124535,-0.35652785520832847
fast_0.5s,91,0.37916666666666665,0.01872368911168737,1.5264385922418706,0.005196911952092789,0.30320550591731266,0.4792564501543634,-0.18137147680260635,-0.9080141381909587,0.4200072137178023,0.5143731510808397,-0.3426785920761857,0.29182043304128036,0.4761767148473448,-0.17529930835748683,-0.9099767065985286,0.4274779760354753,0.5170258488131988,-0.35306607881507174
fast_0.5s,92,0.3833333333333333,0.019464491468018635,1.5707630330810012,0.004637891832980436,0.3067408947958929,0.4798349306429558,-0.18462422189111255,-0.906895324922651,0.4168227546146246,0.5144172536206415,-0.33821118770710445,0.2955504886807991,0.47709114148836534,-0.17762560804767275,-0.9092064147176246,0.4248141706802626,0.5163736231377303,-0.34935125126039906
fast_0.5s,93,0.3875,0.019869028865464343,1.6014442299854184,0.004115076600408042,0.3097471283108595,0.48038049574868863,-0.18758318186736136,-0.9047744470941006,0.414482008619292,0.5155081026481941,-0.33313177535790284,0.2990995841500303,0.47791334173300504,-0.18010967202723832,-0.9080984806816321,0.42223113016501995,0.5161571599235573,-0.3452951858074488
fast_0.5s,94,0.39166666666666666,0.020219857196873414,1.63870374174494,0.00436021051631262,0.31324358557666593,0.4817849854803389,-0.18972158639051753,-0.9016558768331461,0.4124784303993215,0.5167508412579312,-0.32848854793252913,0.30263561191848515,0.4788813131463938,-0.18251494239452268,-0.9064878049326363,0.41979295522359533,0.5163056159571272,-0.34109404122273135
fast_0.5s,95,0.3958333333333333,0.020768913293252363,1.6888758534560033,0.004993944682926877,0.31753602176645607,0.48383096824502286,-0.1917199309805606,-0.8985268639305316,0.4098116402956502,0.5173768296185183,-0.3246161963033805,0.30636077764379727,0.4801188646995455,-0.1848214494029651,-0.9044975126227214,0.41729762649160906,0.5165735014562421,-0.33697576531305495
fast_0.5s,96,0.4,0.021453178036529307,1.7393177039570988,0.0051460888388895135,0.32177558267998857,0.48548850144655076,-0.19451099387022905,-0.896000065859497,0.4063835036661968,0.5178043543136586,-0.3206947524464707,0.31021451030249697,0.4814613433718793,-0.18724646117523358,-0.9023731225027434,0.414569095785256,0.5168812556989306,-0.33290610517842595
fast_0.5s,97,0.4041666666666667,0.02205057345142329,1.7813415611032555,0.004607015829108457,0.32511361528632154,0.4863346400316806,-0.1979759938895085,-0.8934745832757649,0.40314727434186287,0.5190580867192999,-0.3159042313273358,0.31393922162969856,0.48267952526889507,-0.1899234411064455,-0.9001485463438381,0.4117136404244077,0.5174253788158841,-0.3286544117063827
fast_0.5s,98,0.4083333333333333,0.02253831227269807,1.8186423652452526,0.004190725222434837,0.3278564762483517,0.48713398493288734,-0.20109386928294312,-0.8899749155085181,0.4008036186135972,0.5213495838476551,-0.31057927507789906,0.317418466066605,0.483792987889035,-0.19271028196307177,-0.8976052012103549,0.4089861349717051,0.5184063395952087,-0.32413431640496815
fast_0.5s,99,0.4125,0.022972923360811175,1.8526617603462905,0.004454953205774829,0.33102454020588484,0.48877797779702936,-0.20333749219123748,-0.8855084216425348,0.3988455012073459,0.5237805395098291,-0.3057680035613862,0.3208200070398645,0.4850393331873949,-0.19536971231237488,-0.8945809811722822,0.4064509765306153,0.5197499297011126,-0.3195433193162554
fast_0.5s,100,0.4166666666666667,0.023361847025306533,1.8828224152364783,0.0049841911398424005,0.33492494733482486,0.49104880522387573,-0.20538740814055262,-0.8810653151962686,0.396271802780815,0.5255788942512829,-0.3018046123016687,0.32434629486267963,0.486541817874611,-0.19787853022886268,-0.8912020170189218,0.4039061830931652,0.5212072401477514,-0.3151096481773211
fast_0.5s,101,0.42083333333333334,0.023709046689982898,1.910584057802476,0.00506160145553945,0.3387106029873361,0.4929161593988363,-0.20817684280520785,-0.8772611924920195,0.39298341232081857,0.5271595570134138,-0.29786823202449786,0.3279374011127767,0.4881354791647448,-0.20045571801483628,-0.8877167833487615,0.40117549040007855,0.5226953604141962,-0.3107998896944144
fast_0.5s,102,0.425,0.02407323946308534,1.9426444835854588,0.004577225179558204,0.3415349689004466,0.4939567463775152,-0.21158784412520495,-0.8734980666395538,0.38993238533464614,0.529543874908494,-0.29313759096439324,0.33133672447773377,0.4895906450321845,-0.20323306587515694,-0.8841621658956946,0.39836471413372043,0.5244073986673556,-0.3063830029353431
fast_0.5s,103,0.42916666666666664,0.024542227994402994,1.979397192330741,0.0042973775854251725,0.34370684856883826,0.4949348339250547,-0.21460054014250005,-0.868803321571687,0.38781798395027745,0.5329401445776393,-0.28794568305188756,0.33442918305150626,0.4909265331258262,-0.20606894395870087,-0.8803225198816657,0.3957280315878597,0.5265404895348801,-0.3017722842516585
fast_0.5s,104,0.43333333333333335,0.024987530014031457,2.0064242925355202,0.004555020726813156,0.3462493691179839,0.49674154524994635,-0.21668932786384487,-0.8631871716996415,0.3861315801212459,0.5364468728849449,-0.2833386456592447,0.3373840839348926,0.49238056902528116,-0.20872179620092585,-0.876038747774185,0.39332891872120623,0.5290170351956293,-0.2971631355876667
fast_0.5s,105,0.4375,0.025194946731726377,2.0158238213725506,0.00494308584395724,0.34947269972393485,0.49915876189233693,-0.21853658341409263,-0.8576426552265255,0.3838702910873141,0.5392888954776279,-0.279648387199277,0.3404062811032853,0.4940752115301245,-0.21117904426661313,-0.871439686056619,0.3909642618127332,0.5315850574721095,-0.292785279039545
fast_0.5s,106,0.44166666666666665,0.025208866261959263,2.0204510854667217,0.004940442890486125,0.35253302012886667,0.5011558826004971,-0.22107763617200943,-0.8527881609997058,0.3809330903680219,0.5418781060189268,-0.27605147860454293,0.34343747554671444,0.4958453445467289,-0.2136536922429622,-0.8667783454779546,0.38845579509362693,0.534157064066176,-0.28860179382469014
fast_0.5s,107,0.4458333333333333,0.025325355999613098,2.0412516951522455,0.004544175792021202,0.3545872793734649,0.5023093295438559,-0.2241968762319276,-0.8480284609427293,0.3782699846570833,0.5452329327354719,-0.27172384882931905,0.3462248556928457,0.49746118938970346,-0.21628374223375352,-0.8620909369117385,0.38590934248449105,0.53692593757333,-0.2843809490915279
fast_0.5s,108,0.45,0.025750660958479082,2.076207530223657,0.004420996572634809,0.3559479478633731,0.5033830937903729,-0.22687697587149752,-0.8423936622768721,0.376578072828033,0.5495588556026744,-0.26699548749441165,0.3486555546873532,0.49894150866737985,-0.2189260772386022,-0.8571666833414794,0.38357652507037654,0.5400840691654937,-0.28003316408556966
fast_0.5s,109,0.45416666666666666,0.026196313876025914,2.0966578421179616,0.004652348807225024,0.3576419658339802,0.5052680264680499,-0.22859504148142235,-0.835896665105141,0.37534646778410785,0.553951672107904,-0.2629093574118932,0.3509021208797124,0.5005230849555586,-0.2213407768891412,-0.851849208036242,0.38151901074880934,0.5435509274627267,-0.2757515972538376
fast_0.5s,110,0.4583333333333333,0.026243189596650444,2.0876484911380775,0.00487229742439771,0.35998342879763257,0.5077457389514525,-0.23003628680501068,-0.8295331532321798,0.37356995021788314,0.5576336201949724,-0.25979405694125224,0.35317248419929337,0.502328823816073,-0.2235175482784632,-0.8462701627675158,0.3795317456160778,0.5470716486873208,-0.27176290724687446
fast_0.5s,111,0.46249999999999997,0.025954011846989734,2.0710373389253083,0.004787427927749492,0.36213252385350375,0.509785359072783,-0.23213897091543145,-0.8239241180826242,0.37114509742622714,0.561014111299372,-0.25682274574077507,0.35541244178446113,0.5041929495378108,-0.2256704308243275,-0.8406836850413133,0.3774350835686151,0.5505572207854381,-0.26802723604990264
fast_0.5s,112,0.4666666666666667,0.025840296556529245,2.0809542824787757,0.0045091969913745875,0.3632502576297908,0.5109630347307641,-0.2347904707835716,-0.8184768875211346,0.3690194773996583,0.5651092102073098,-0.25316787363558463,0.3573718240504913,0.5058853277679762,-0.22794484765211112,-0.83513204689898,0.3753311820263759,0.5541951238853802,-0.2643110352733927
fast_0.5s,113,0.4708333333333333,0.026223815913156156,2.0813794671620056,0.004551697598464884,0.36365317911877226,0.5120424770495048,-0.23697646976608547,-0.812224073754185,0.36788772428811994,0.570122155203242,-0.24915591527565145,0.35894208868537425,0.5074244698509729,-0.23019702541866932,-0.8294051164070287,0.37347031759181193,0.5581767845052407,-0.2605208541705207
fast_0.5s,114,0.475,0.025824379385950468,2.057611233178744,0.004470884995834365,0.36522927632563235,0.5140938222493524,-0.23872237835752447,-0.8063042861475308,0.36583568885733336,0.5738439061970515,-0.24668070191474603,0.3605139164766746,0.5090918690881072,-0.23233075633553302,-0.8236298826956646,0.3715616604081923,0.5620936057953656,-0.25706140416388273
fast_0.5s,115,0.4791666666666667,0.025622444343282178,2.0515645462250482,0.004448345142741322,0.3664801281269635,0.5161091976166056,-0.24026628727358795,-0.8001461298834001,0.364123608522943,0.5778533894725941,-0.2442486537659542,0.362005361446242,0.5108465723829312,-0.2343162553842492,-0.8177589639080386,0.36970214743687996,0.56603356714725,-0.25385842976994955
fast_0.5s,116,0.48333333333333334,0.025681136374966208,2.0699944537298984,0.004482896592006872,0.3672376917400997,0.5180009313961377,-0.24158343521715378,-0.7936440984537617,0.3629424144952303,0.5823434186651626,-0.24169950829481998,0.36331340734612555,0.5126350983354773,-0.2361303680379902,-0.8117302773105167,0.36801221420146757,0.5701109833954462,-0.2508180303286684
fast_0.5s,117,0.4875,0.02610053882548527,2.1233266577575876,0.004609552068299703,0.367333924382378,0.5196813518328259,-0.2426490608911019,-0.7866926853505918,0.3624830379844796,0.5875068074100547,-0.23887300296688949,0.3643184999646453,0.5143965963617728,-0.23775733837068194,-0.8054709091545846,0.36662992014722057,0.5744598921048456,-0.24783109612727772
fast_0.5s,118,0.49166666666666664,0.027039275513163354,2.2263342326550393,0.004911885812445089,0.3666007832711357,0.521062787171548,-0.24343840299831218,-0.779186384065866,0.3629364102009754,0.5935363693425683,-0.23560887524770882,0.36488901231045834,0.5160630425244667,-0.23917334511089805,-0.7988998249863211,0.3657065426606593,0.5792289362480408,-0.24477446669687794
fast_0.5s,119,0.49583333333333335,0.028704969031024753,2.396582212381218,0.005508526705163722,0.3648702256237099,0.5220575656571811,-0.24392670024166455,-0.7710196880915605,0.36449346235500196,0.6006249180980008,-0.23174686260282412,0.36488423381420476,0.5175615356051484,-0.24035581003738782,-0.7919298558713694,0.36540327258424493,0.5845778270882531,-0.24151607478471424
fast_0.5s,120,0.5,0.03131869507933199,2.621805786801636,0.006508447420756103,0.36197420865743773,0.5225780155346029,-0.24408919132403886,-0.7620870909196513,0.36734512565684374,0.6089652673116502,-0.22712670249778144,0.36415662136421134,0.5188154832306829,-0.24128165809641744,-0.7844692479631807,0.3658887358523946,0.5906745522304673,-0.23791681652509908
