frame,time_s,raw_position_error_m,smooth_position_error_m,raw_speed_norm_rad_s,smooth_speed_norm_rad_s,raw_acceleration_norm_rad_s2,smooth_acceleration_norm_rad_s2,raw_q1_rad,raw_q2_rad,raw_q3_rad,raw_q4_rad,raw_q5_rad,raw_q6_rad,raw_q7_rad,smooth_q1_rad,smooth_q2_rad,smooth_q3_rad,smooth_q4_rad,smooth_q5_rad,smooth_q6_rad,smooth_q7_rad
0,0.0,0.0037318595129565524,0.006720815412699636,1.4568581899341293,0.6734088850826169,92.35896826991466,9.05332173770738,0.36329098700361206,0.5275061591279226,-0.2322818179787204,-0.7593391769913563,0.3625770091588812,0.6059087586408526,-0.2296620255181381,0.3678819966707605,0.5297693709332407,-0.2331436264814319,-0.7625776233061057,0.3572357426181257,0.6004003438356297,-0.23395884150458782
1,0.016666666666666666,0.00921364366012337,0.0027961697580913265,0.6166266509428218,0.5800458268872716,68.29719511833878,8.34673429933503,0.37080316408326897,0.5331885683094812,-0.23446415284655825,-0.7577534697964821,0.35320000206634455,0.6017365557733955,-0.23488679084167488,0.36493097449501827,0.5278901731818326,-0.23755679203078664,-0.7583989267601156,0.35584976249854106,0.6063968113750714,-0.2293548386173087
2,0.03333333333333333,0.003305321598738671,0.00034100446584441394,0.9829179845645397,0.5150488530888295,47.61278166661201,7.290215590892966,0.36728616213062587,0.527694281604,-0.2444035508327507,-0.7603140671756065,0.34656393899952526,0.6046258528259362,-0.23038875362318087,0.3627180832661975,0.5271606814429234,-0.2406607692191622,-0.7535567679285379,0.3548218567850828,0.6119202554425932,-0.2259621479103139
3,0.05,0.0077211641133944,0.0010037068244811256,1.2326183238049955,0.481448988807222,47.77556164717742,5.891176274650662,0.357085504222077,0.5209883093860437,-0.24972258777446496,-0.7540235582570578,0.35105565154575746,0.6175903702246843,-0.21959689105333052,0.36108710052312604,0.5273754899276977,-0.2426496679145022,-0.7481825789124187,0.3541244637780107,0.617044844188499,-0.22360664897225443
4,0.06666666666666667,0.007390667890432851,0.0014624781402109994,1.1167137746804243,0.46972209514764807,51.47711194608791,4.51257836403117,0.353203836237753,0.5243295539970333,-0.24392719115204806,-0.7388840693857718,0.36017318271426846,0.629369291020159,-0.21550217904437924,0.359881803804632,0.5283291928473399,-0.2437175979847501,-0.7424077918128039,0.35373002177758456,0.6218447457630928,-0.22211422139178136
5,0.08333333333333333,0.0036789503407365434,0.0012658844274037009,0.8766125411996128,0.46889264507036277,45.101507337838015,3.1811098910992675,0.35966267809574437,0.5350114781847303,-0.23571529783976938,-0.7272746900708172,0.3612022046429144,0.6302903108255846,-0.22212126966580398,0.3589459706495431,0.5298163844130348,-0.24405866929784947,-0.7363638387307399,0.3536109690840642,0.6263941283166786,-0.22131074475754567
6,0.1,0.009184414655410878,0.0006484684816733344,0.5585868089699841,0.47002227658923257,51.43351643758845,2.0095357053074756,0.36595316944279177,0.540103924620954,-0.23696166391559564,-0.7268536147888665,0.352782353086032,0.6256256964742704,-0.2289397120943888,0.3581233785966874,0.531631658835967,-0.2438669917217438,-0.7301821517672724,0.3537397439977093,0.6307671599995605,-0.22102209865819844
7,0.11666666666666667,0.003312633380840608,0.00026421077932547657,0.957739478534048,0.470679182118859,47.53170457576429,3.9191606629625233,0.3615668625914716,0.5343160455838627,-0.24630958249552493,-0.7300004083491279,0.34678467674317187,0.6282870868678717,-0.22544272358953316,0.35725780518489575,0.5335696103273252,-0.24333667512437873,-0.7239941630234537,0.3540887848187826,0.6350380089620477,-0.22107416268239252
8,0.13333333333333333,0.007668482069507436,0.0006094616731544614,1.2127257294916918,0.49228236597718944,47.61761708642908,1.875672152155876,0.35052653416348506,0.527301772502491,-0.25104830702768993,-0.7243732074364617,0.35190336030509006,0.64096282085972,-0.21564606287733018,0.35485200597921485,0.5340292255525515,-0.24372291150733852,-0.7184167229152694,0.35490079612826336,0.6401914892118753,-0.21997710024510997
9,0.15,0.0073840770330098554,0.0005881189108816,1.0947900418059222,0.4709228192467414,51.69238365137372,4.465916059192924,0.34583585543834844,0.5303121259279552,-0.24468165251011514,-0.7099906815183986,0.36163741253905873,0.6523836543883027,-0.21254576242788234,0.35283689861689455,0.5352387475589905,-0.2431490471588802,-0.7122698767752896,0.3561667610665588,0.6451775529286937,-0.21955233965614024
10,0.16666666666666666,0.003623995722093818,0.00028776596607997193,0.859251172228223,0.4029767615532805,45.43485657692773,4.1171452571820035,0.3515182346066354,0.5406404565391847,-0.23590853229099115,-0.69923195093699,0.3632712477158329,0.6528775995501086,-0.22015702909689647,0.3515158669828717,0.5369569407704496,-0.2422848829974971,-0.706600763316166,0.35689544901464465,0.6491921055634898,-0.22015964396070695
11,0.18333333333333332,0.009145644531588027,0.0007259584262797398,0.5431103595117713,0.36303291195322274,51.40464287204744,4.254707582265989,0.35706648687310416,0.5453568004157715,-0.23660460279901432,-0.6997544580972609,0.35544333280871,0.6477176876036829,-0.22796396994947282,0.35006070364039354,0.5381517129368546,-0.24207621739715307,-0.7020357490171842,0.35697607034316237,0.6526413800628997,-0.22096265033923412
12,0.2,0.0033236863704319223,0.0002650232312020207,0.9324835283173926,0.3997089841315574,47.2033411501874,3.6110875473037063,0.3519736460278873,0.5391706371244989,-0.24541394552946272,-0.703936592076549,0.35002365680291553,0.6498165791097954,-0.22545045632168292,0.34764349372605935,0.538398717124561,-0.24241770373451405,-0.6979854859265991,0.3573489902528047,0.6565395995806523,-0.22112429034642989
13,0.21666666666666667,0.0076096716475897675,0.000604236341443544,1.1721408051055155,0.43681319166128296,47.455822028138115,3.879966696601996,0.3402637767756032,0.5317363700438329,-0.2496264977766937,-0.6994348705081783,0.3557054522098675,0.6618638931383672,-0.21663098421571564,0.3445912304088464,0.5384614015728642,-0.24230180449963576,-0.6934848891263559,0.3587019869504677,0.6610889396892213,-0.22096199064859118
14,0.23333333333333334,0.007373154645822429,0.0005865154259490961,1.0536944334368064,0.41181228444044743,51.90119517933441,4.745582431793797,0.3349416452654412,0.5343056506869373,-0.24274666263173988,-0.6862658748592269,0.36598688001923313,0.672591937314458,-0.2145003896231243,0.34194471072591354,0.539230324837522,-0.2412149062692189,-0.6885505269664411,0.3605152061801706,0.6653828136191222,-0.22150661962460688
15,0.25,0.0035722503609413874,0.00028395650425095304,0.8514869712737227,0.3417381155535636,45.747847702679486,4.448529888175713,0.3400315628838264,0.5441726319586434,-0.23347385431540027,-0.676806144641698,0.3681516075285708,0.6723305519527683,-0.2230727326021597,0.34003117398564797,0.5404870952912307,-0.2398509677590413,-0.6841805154094758,0.3617748416988291,0.668642028563549,-0.22307516624696902
16,0.26666666666666666,0.009102373624566099,0.0007231756536255471,0.5694821029544559,0.301387507257699,51.37825177474775,4.297004661364535,0.3450270585178202,0.5484083354737281,-0.23368415108048946,-0.6787100293572393,0.36083745123738886,0.6663548807410337,-0.23183100620308622,0.3380231979209715,0.5412011687550567,-0.23915644103312175,-0.6809969440806635,0.36236928620044706,0.6712755523553534,-0.22482967236604004
17,0.2833333333333333,0.0033371563631497477,0.00026689557003131,0.9136053411893581,0.34000873589369834,46.91158392613634,3.382459574536561,0.33942169420797635,0.5417234187526808,-0.24202198672126524,-0.6843522992110459,0.3559138401316815,0.6675799807960124,-0.23025798251962398,0.33509339324187076,0.540949394605562,-0.23902633514380647,-0.6784068078735629,0.3632383430175661,0.674300025251881,-0.22593195890626525
18,0.3,0.007551595879277258,0.0005990976053211454,1.1162133989259393,0.37655760267224375,47.32233502727498,3.8241231953859502,0.32723988202503795,0.5337736613194132,-0.2457775880043752,-0.6813853190515209,0.3620735320384996,0.6786981553420127,-0.22236705858312358,0.33156909973889614,0.5404966016651992,-0.2384534028449964,-0.6754408604137506,0.36506931475197746,0.6779203104777398,-0.22669834937464253
19,0.31666666666666665,0.007359766468562737,0.0005847436264476496,1.000554485485294,0.3539480759397051,52.0786562698792,4.95378410636347,0.3214865614776487,0.5358122922621719,-0.2384555937494709,-0.6698209833164804,0.3728142910157612,0.6884446783432923,-0.221151955218298,0.32849128731833527,0.5407349294047383,-0.23692426670579186,-0.6721109765971477,0.36734194946482396,0.6812327900894257,-0.2281585937278548
20,0.3333333333333333,0.0035295010584182364,0.000280796453936865,0.861813870469431,0.293933140309871,45.99323949764669,4.700890488052681,0.3261860506979117,0.5451352431369206,-0.22875560735567202,-0.6620306169633347,0.375419458269928,0.6871526315043683,-0.2306255880254864,0.3261872023987889,0.5414477669141113,-0.23513307485765875,-0.6694100541090253,0.36904211374030355,0.6834615143117121,-0.23062853351767784
21,0.35,0.009059943456958628,0.0007203390196384419,0.6398734537120948,0.2650598022490852,51.350633735024445,4.326172832974389,0.3308317290285945,0.5488155104228624,-0.22855385744919351,-0.6656628441522601,0.36852658657555193,0.6801006631269719,-0.24026976367078223,0.3238292738234342,0.5416065457381003,-0.23402642962403883,-0.6679544558882973,0.3700579355830061,0.6850189563180111,-0.23326902218184417
22,0.36666666666666664,0.0033519434612642608,0.00026870263445076786,0.909443641408425,0.30443980359459083,46.69684865157898,3.203935187693572,0.32491686338303827,0.541565913886971,-0.23649489510115457,-0.6730862238226135,0.36400489600443103,0.6802075845740917,-0.23956601742322006,0.32058981855973984,0.5407902770318729,-0.23349945813371642,-0.667144967244298,0.37132900774002325,0.6869255082899822,-0.2352406414188037
23,0.3833333333333333,0.00750073768596621,0.0005946392213150079,1.054341986862436,0.3381391368275128,47.24001757868873,3.78908550375321,0.31246543823376677,0.5330445696323882,-0.2398690400773061,-0.6719464579462164,0.37054698014351306,0.6901696794343225,-0.23252644890459545,0.31679575063850274,0.5397661241109245,-0.23254500574946046,-0.6660056839840826,0.37354246749953585,0.6893900116511149,-0.23685841696833607
24,0.4,0.007345727932994149,0.0005831994821385211,0.9468538901690778,0.32580160322796137,52.199799846617076,5.080794373424326,0.30648184655889793,0.534507200030998,-0.23218100409415887,-0.6622483703071864,0.38165047586664413,0.698726406639593,-0.232143418156544,0.3134874962725806,0.5394287161414517,-0.23064976838161852,-0.6645414185989857,0.37617793394892696,0.6915130287311239,-0.2391507373469035
25,0.4166666666666667,0.003500590224149459,0.0002786968512269889,0.8963701202754627,0.2944586785363546,46.13055918046938,4.825537508327617,0.31098975742159424,0.543252365126884,-0.2221304508188071,-0.6563558599191321,0.38459862388178445,0.696215207552784,-0.24242841172635154,0.3109916556304556,0.5395640655657571,-0.2285079542780183,-0.6637376540225279,0.3782211718644631,0.6925229636251965,-0.2424320160861336
26,0.43333333333333335,0.009022612566752533,0.0007177310198450078,0.7428783296698863,0.2891505890276388,51.31944809406632,4.3068831821505995,0.3154818139477255,0.546355799537577,-0.22159366094132205,-0.6619098296843205,0.3780288950678843,0.6879192336661103,-0.25286174041881915,0.30847992496365717,0.5391463356486778,-0.2270662181022997,-0.6642030460690821,0.37956022563393466,0.6928367853904104,-0.2458616119004753
27,0.45,0.0033666637161393594,0.0002701880914496465,0.9249337149894302,0.32198352141176995,46.58844138111765,3.0740063781465086,0.3094504775258697,0.5385331421440498,-0.22921523555907605,-0.6712708893805878,0.3738104364423969,0.6867619076224716,-0.2529233775853443,0.30512381933690147,0.5377573491168333,-0.22621973670704582,-0.6653304472146472,0.38113461369870877,0.6934794894430838,-0.24859854720713365
28,0.4666666666666667,0.007462006646087087,0.0005913010074801737,0.9971045066484233,0.34708190155941904,47.221299552478,3.7551790310278514,0.29691887407834366,0.5294453778490261,-0.23228554593944048,-0.6720766363375534,0.3806357699622585,0.6954441958592765,-0.2466238013789597,0.30124939866368394,0.5361671296775241,-0.22496140732145808,-0.6661358666530998,0.3836313998975036,0.6946645909550572,-0.25095622844227633
29,0.48333333333333334,0.007332130979503752,0.0005819071947080746,0.9043802259653226,0.3492630521790576,52.24921423371303,5.0996859746101855,0.2908905039638776,0.5303511141187169,-0.22430936230866771,-0.6643237107907718,0.39200245302084225,0.7027102724875102,-0.24695369552771065,0.29789620004853934,0.5352731827724275,-0.22277798424067138,-0.6666159521581327,0.38653012269831155,0.6954973582098625,-0.25396137134232666
30,0.5,0.0034882583104017648,0.00027795646402671695,0.9530969345360266,0.3514808557613437,46.14271817725918,4.801791680725802,0.29538812492384314,0.5385517781665593,-0.21398641680570765,-0.6603678274903498,0.395193632691426,0.6989022877869875,-0.2579228257491325,0.29538991622795613,0.5348643790536738,-0.22036374440609482,-0.6677480214520176,0.3888164518360286,0.695210894881413,-0.257926671781231
31,0.5166666666666666,0.008993084159926865,0.0007155653642250185,0.8593719733323668,0.364718970904745,51.286220326589465,4.226548375198107,0.2999034669627364,0.5411259192846074,-0.2131930730357487,-0.6678417831579002,0.3888466645905707,0.6893080566454416,-0.26900974613751955,0.2929013335955099,0.5339176878167955,-0.21866542507696413,-0.6701326423021406,0.390378315617301,0.6942268246818576,-0.262009735792178
32,0.5333333333333333,0.003380523935588935,0.0002712866467710361,0.9568519653152968,0.38558716619917527,46.59295104162555,2.996261603328998,0.29392809084057225,0.5327919048193773,-0.22057403169159168,-0.6790982359451997,0.3848305538316174,0.686855582466531,-0.26969265002454984,0.2896010694800681,0.5320176522515079,-0.21757830269688663,-0.6731547323174979,0.39215508971398466,0.6935747158152221,-0.2653678092505241
33,0.55,0.007437600602692482,0.0005891201402059394,0.9513246038497034,0.39839782994800904,47.26290474556714,3.7186955798098795,0.28148424829212654,0.523213329632957,-0.22341978345638652,-0.6817670592942838,0.3918376486567579,0.6942502943524222,-0.2639802234248801,0.285814311431163,0.5299368991007314,-0.21609539378467757,-0.6758225914151704,0.394833663778491,0.6934725393724219,-0.2683125100656165
34,0.5666666666666667,0.0073194718145958085,0.0005807457371488907,0.8791051339675197,0.4101473783191883,52.22796200345467,5.017801602811418,0.2755746019770508,0.5236512631517368,-0.21523524015262083,-0.6758374653069142,0.40336529762012036,0.7002406789423478,-0.2648613588486001,0.28257976082089586,0.5285753899040733,-0.21370359386665358,-0.6781254509318085,0.39789336710410456,0.6930298706945331,-0.2718687659306364
35,0.5833333333333334,0.0034928341628183367,0.00027866830113456827,1.0213143976286052,0.4333837605937718,46.044493416617414,4.650727814427452,0.2802211193845309,0.5314094194749631,-0.2047202992020563,-0.6736580970517395,0.4066964011230497,0.6951730201081049,-0.2763440441500999,0.28022232064908925,0.5277242779736486,-0.21109734506554861,-0.6810335656873062,0.400319622672081,0.6914839432159313,-0.27634749751162063
36,0.6,0.00897218446745131,0.0007140909168692447,0.9704699820904936,0.4535886407498301,51.25726318204592,4.107657484178985,0.2849147937612146,0.5335684370075134,-0.20375151488155438,-0.6828550893798744,0.4004680291387023,0.6843390630659855,-0.28790508153350025,0.27791204061370006,0.5263626189075354,-0.2092235752894459,-0.6851408470845283,0.4020000731388509,0.6892603088449627,-0.2809045608418304
37,0.6166666666666667,0.003392738196806583,0.00027208353070902377,0.9946100682252951,0.4618104196575272,46.69253281000896,2.9879211607284883,0.27914650792690066,0.5248485553118009,-0.21097380536665686,-0.6957748927086734,0.3965488616833549,0.6806705185574953,-0.28902094979134996,0.2748188594339656,0.5240768268915913,-0.2079777783120102,-0.6898260072815945,0.40387376937379416,0.6873922425271439,-0.2846954887848059
38,0.6333333333333333,0.007427370919583287,0.0005880833488885886,0.9166090692482427,0.46218648244609317,47.34703200616605,3.6954905006854,0.26693789676696317,0.5149150101014559,-0.2136779068359951,-0.7000416625049264,0.4036308832413757,0.6868762850854789,-0.28369866872797034,0.2712673467694171,0.521641169677582,-0.20635321552754426,-0.694091626976624,0.4066272380229045,0.6861011855335929,-0.2880302344380891
39,0.65,0.007307693249678414,0.0005797566557022983,0.8679445722748582,0.4766135842099955,52.15128660995643,4.872046380979722,0.261291068487318,0.5150302697980649,-0.20536900393181984,-0.6956394074393621,0.4152110426360997,0.6917080699589297,-0.2849255244561923,0.26829564738528416,0.5199570095087469,-0.2038370555753303,-0.6979217306105473,0.40973940910676226,0.6844999364295895,-0.29193211909255334
40,0.6666666666666666,0.0035123564227355873,0.00028067122227037097,1.087148684114506,0.5088339549271363,45.87451980912336,4.426363650721993,0.26622749572230237,0.5224992002283546,-0.19474729572092794,-0.6949120990001908,0.4185718071706604,0.6855151239934314,-0.2967079666115922,0.2662281674484057,0.5188166541059229,-0.2011240421615626,-0.7022818952941823,0.4121952731898732,0.6818286991084604,-0.2967105249659498
41,0.6833333333333333,0.00895896528124272,0.000713198597474294,1.0621250483499682,0.5285108514179135,51.24165209676128,3.9964034133994737,0.2712377337861696,0.5244033424195147,-0.19368966677675772,-0.7054817397096721,0.4123497843259417,0.6735919044433379,-0.30852133573289225,0.2642345163020432,0.5172000653462985,-0.1991614333406026,-0.7077618920425544,0.4138820113707848,0.678515741835726,-0.3015198460103504
42,0.7,0.003402846775555008,0.0002726093464043745,1.025884868576301,0.5243637649965904,46.85508526829241,3.0649453995368368,0.2658122790297747,0.515463591795121,-0.20084139362966447,-0.7196911864296518,0.40841316760382196,0.6688725818095143,-0.3098407336163933,0.26148424373657175,0.5146943176415505,-0.19784508135578874,-0.7137368298948167,0.41573818882368707,0.6755968044453216,-0.305514237018384
43,0.7166666666666667,0.007429155437635016,0.0005879306686087151,0.8866064546021849,0.5129233984200652,47.44880070252833,3.704819735268325,0.25397242524032915,0.5053455989956018,-0.20349359821130292,-0.7251615313733428,0.41545343678167673,0.6740682685796183,-0.30467189439262243,0.25830157558574723,0.5120740984889471,-0.19616863387875236,-0.7192062162923971,0.41844982817374854,0.6732955478719084,-0.30900236378955426
44,0.7333333333333333,0.007296505726620466,0.0005787692249908439,0.8616809305384772,0.5257874629949172,52.039236977933825,4.708081352953679,0.2487199767176596,0.5053120153944383,-0.195151878380482,-0.7218742367579994,0.42696702394534913,0.6779326503164703,-0.3060009149473825,0.2557243503220191,0.5102409580747103,-0.19361967288916246,-0.7241515185155322,0.42149534365743124,0.6707267545261353,-0.3130063571034275
45,0.75,0.003543226599250687,0.0002836991443432668,1.1392060987639696,0.5603506688918048,45.67702639098327,4.192173180135659,0.254076131211434,0.5126676692514652,-0.184516872299828,-0.722171224455987,0.4302358751505279,0.6708167321970082,-0.3178331580008801,0.25407669694494833,0.508987171531869,-0.19089338139752132,-0.7295362533595765,0.4238592055605288,0.6671323881924506,-0.31783451091016957
46,0.7666666666666666,0.008951891703730097,0.0007128377702184657,1.12652143634817,0.5757774246124941,51.247853164216366,3.9379546985493246,0.2595311889827997,0.514493857018461,-0.18346592769391926,-0.7336729200390063,0.42389608032134246,0.6580165156710069,-0.32964298492914784,0.2525279676521147,0.5072924610285224,-0.18893748137112487,-0.7359486048402111,0.4254280780313221,0.6629422669784976,-0.3226402380881753
47,0.7833333333333333,0.003410484700807367,0.00027291508904559705,1.0417611000723677,0.5596147886378645,47.04837562308434,3.224083832952302,0.25457540153070235,0.5055110377761507,-0.19064480746020399,-0.7487210492995879,0.41981532680589057,0.6524675215531488,-0.33090462962036576,0.2502474656586587,0.5047434691564293,-0.18764831175617447,-0.7427625414008324,0.42714002100690224,0.659193485827265,-0.326576824297851
48,0.8,0.00744005094209026,0.0005884709931670599,0.8536806983419905,0.536948127636247,47.545094943718134,3.753407883915452,0.24322981840558225,0.4953842502996188,-0.19334514004153897,-0.7549359893857722,0.4266846090615726,0.656882034119797,-0.32562307515653083,0.24755917099060556,0.50211427567741,-0.18602002760208225,-0.7489768471396224,0.429680572369491,0.6561108823601464,-0.3299521826708187
49,0.8166666666666667,0.0072856133725500895,0.0005778313529446142,0.8508220410844323,0.5464266447700817,51.90812335568141,5.280036747579864,0.238495990135448,0.4953753756513577,-0.18507304808094246,-0.75229887326668,0.4379999034029167,0.6600147498080495,-0.3267837879573696,0.2455006673140849,0.5003056640272339,-0.183540736254037,-0.7545726525543054,0.43252769130871876,0.6528102538716046,-0.33378781241573197
50,0.8333333333333334,0.0035813721747002406,0.00028728024411864647,1.1710324834941725,0.6244240746186045,45.486565483138854,7.195599656725358,0.24439484170859832,0.5027883304247784,-0.174529709437997,-0.7531516478740758,0.4410427392028154,0.652217540310502,-0.3383916257402966,0.24439581008468755,0.49910900078664694,-0.18090616095376572,-0.7605134930504132,0.4346654322105988,0.648534433935026,-0.33839150170969906
51,0.85,0.008949527686128438,0.0014365543407631794,1.1615180994422556,0.6953544462321068,51.28124848387872,4.169863760964835,0.2504163721860824,0.5047033753520722,-0.17359302214111144,-0.7651150864914444,0.43444883892669783,0.6387871447042376,-0.34992057599168497,0.24341364967998003,0.49750297499586127,-0.1790645749411544,-0.7695055425353696,0.4359800922403471,0.6437139815840623,-0.34291628855034767
52,0.8666666666666667,0.0034155251061707584,0.0023901024691354335,1.0387569502030398,0.5532372217647723,47.24918299889723,14.060698298302531,0.24605049398429119,0.4958398266527165,-0.18090930631541552,-0.7805315555451184,0.4300855810828895,0.6326597089802595,-0.35084463440826313,0.2417231499206486,0.49507308843108677,-0.17791287509958403,-0.7791587002098821,0.43740942314742626,0.6393866193741321,-0.34651521994270545
53,0.8833333333333333,0.007457370975683291,0.000863898249883216,0.8132035702155649,0.39376045521877406,47.62029844815903,11.579974587745841,0.23531787070009183,0.485861489408137,-0.18377074942169438,-0.7870223365541019,0.43664371995399226,0.6365480445123315,-0.34516868740995243,0.23964790488988402,0.4925921886883791,-0.17644577592781346,-0.7827441445679424,0.43963872344839233,0.6357777137479832,-0.34949611240681133
54,0.9,0.007275169063936958,0.0023828080410855028,0.8296775807857032,0.40199805065305616,51.76748243650153,4.470530749778083,0.23121961158656887,0.48602893562104627,-0.17568402858712945,-0.7845697026411629,0.4476190706659644,0.6392072897250433,-0.34587825301317204,0.23822505708733904,0.49095975129432706,-0.17415193972473453,-0.7825518364247885,0.4421457919316577,0.6320035052696247,-0.35288051696324296
55,0.9166666666666666,0.0036229801579660084,0.004363915525760702,1.181010219738306,0.43487263860472986,45.32206881098568,6.747427995944102,0.23777613682561552,0.4936447122240303,-0.16535086456683895,-0.7855169505223373,0.45029309066311346,0.6309896845377725,-0.35697839588824115,0.23777795721718442,0.48996577391614143,-0.171727633427319,-0.7837005062996909,0.44391461161531726,0.6273071971833201,-0.35697642876562596
56,0.9333333333333333,0.00895106960325397,0.005815266925290516,1.1693467534557906,0.4497539089275649,54.22303328167579,5.941868505478884,0.2444768688629316,0.4957876633196636,-0.16464968010522768,-0.7974863902328394,0.4433015290113155,0.6171922740847947,-0.36794347190099286,0.23747507933781198,0.4885875293845324,-0.17012165488715156,-0.7867802169412073,0.44483150742588234,0.6221196548046323,-0.36093725533554954
57,0.95,0.003417640351157183,0.007099195149711762,0.8234345694946745,0.4445461626140242,86.42262507304264,3.740913684569369,0.24081106406554484,0.4871756543512507,-0.17222729200420692,-0.8128220892095037,0.43851190013029645,0.6107514557209484,-0.36824801571227156,0.23648473157719158,0.4864090686964217,-0.1692313978728274,-0.7911672745271735,0.4458343678855285,0.6174788524134539,-0.3639165834384428
58,0.9666666666666667,0.017374024225779616,0.00826757228267007,1.8534205013039935,0.44613222204322556,42.979917088905815,3.9163750229457577,0.23079864341996495,0.47747101670013536,-0.17537634730149382,-0.7891471748525027,0.4446152126548143,0.6143802449555175,-0.3618976305666046,0.2351297654395722,0.48420176575376805,-0.16805203631665117,-0.795863210914589,0.44760874701863224,0.6136103606306614,-0.366222947753237
59,0.9833333333333333,0.032818650856538574,0.008709720325224372,0.7978084393222165,0.4941865757439853,126.45910491929826,6.046496595318814,0.22743987943509034,0.47793283653355495,-0.16760393476256616,-0.756445893699303,0.45510766412318754,0.6168339424306807,-0.36187873793519554,0.23444648670425286,0.48286361000212147,-0.16607264374210945,-0.8008522689947984,0.44963282728229126,0.6096305819636106,-0.36887880432077946
60,1.0,0.01528879424792307,0.008186088375646092,2.4346392789193954,0.5750399210339132,64.46579442880135,6.546185981938934,0.2347542543521412,0.48586217230914974,-0.15761212723767734,-0.7870636280079585,0.457271231401577,0.6084649119892612,-0.3721975010991336,0.2347573081278467,0.4821831101445962,-0.16398983839029777,-0.8071014197225937,0.45089111251684255,0.6047828430316883,-0.3721932487630996
61,1.0166666666666666,0.008956607518561355,0.007095450135137514,1.8897463687562601,0.6311600846328468,68.85308234298422,5.866102359072237,0.24223014483021657,0.4883363853054408,-0.15727962734825301,-0.8286248715544383,0.4497423284146254,0.5945702864270841,-0.38232957824290087,0.23522965765696402,0.4811360556912125,-0.16275269684795088,-0.8152029110320773,0.45127059408352377,0.5994980960001336,-0.37532099310225264
62,1.0333333333333332,0.0034166222903693364,0.005840582705185028,0.9878397875467526,0.6437529696927494,64.52248665324993,3.730257370800359,0.23935564701259246,0.4800718711182078,-0.1652534457908618,-0.843475961875682,0.44438928784899995,0.5880865144464492,-0.3817510187871821,0.23503068244243075,0.4793050274277259,-0.16225880544912163,-0.8245353209925457,0.4517099803754891,0.5948143659223004,-0.37741714110407154
63,1.05,0.0075048053740838045,0.004477855466308921,0.7185847766265069,0.6464804186895061,47.69094494025569,3.7572500557040724,0.2301494001880003,0.4707295113103698,-0.16882632368298348,-0.8492423735050902,0.44990409680486937,0.5917266266031569,-0.3744691608560173,0.2344819516701033,0.4774599487317462,-0.1615034300750901,-0.8341025297925495,0.45289580578298316,0.590957236873958,-0.3787919651134156
64,1.0666666666666667,0.007258582004147857,0.0023898763494280876,0.7602184080722344,0.6964438826930002,51.471952901391504,4.298406556084526,0.2276102680730686,0.4715669675883274,-0.16150532824025363,-0.845910767333986,0.45978409801119474,0.594245898089893,-0.37347238919505693,0.23461836120369964,0.4764973839248309,-0.15997562059652626,-0.8438911964478616,0.4543073996313935,0.58704308506589,-0.38046988693589584
65,1.0833333333333333,0.003704940060689455,0.0007762943911908062,1.1472859609699855,0.6788736947183235,45.076897259060544,8.698778589949592,0.23575619102956383,0.47988390390102814,-0.15199238030472212,-0.8458290004799451,0.4613125846818197,0.585996624266496,-0.3827690646514619,0.23576078035301548,0.4762044468788668,-0.15837184041148242,-0.8548707684144451,0.4549305841081638,0.5823151670825886,-0.3827622028138423
66,1.1,0.008967075867616978,0.002525314885870956,1.1270181112931819,0.4762816420197015,51.531250151246546,12.930126921356283,0.2440738650469753,0.48275632166125115,-0.1521658837851055,-0.8566240958570943,0.45312746232392764,0.5722758205214052,-0.39183728352295255,0.23707495468364476,0.4755555666619882,-0.15764086422283236,-0.8634821782522426,0.4546538440036594,0.5772043163450923,-0.384826065829883
67,1.1166666666666667,0.003412187007344563,0.0012451338791517812,0.9557961119114753,0.31757280192641113,47.81153381398121,5.831901820417376,0.24204956194286717,0.47489929450677265,-0.1606723882398982,-0.8706449695373407,0.4470987324922929,0.5660197634178988,-0.39015577798206597,0.23772620511711903,0.47413200143821704,-0.1576798135893512,-0.8667988915395863,0.45441755839121917,0.5727483839703903,-0.385819265521027
68,1.1333333333333333,0.007534133169961114,0.0005954489039165625,0.6843194182565709,0.3074962601816672,47.69848354883326,3.725721450616374,0.23369994914464576,0.4659724221783249,-0.16480399546632787,-0.8755197192060721,0.45192022898708534,0.5699412493034777,-0.3817348162500261,0.2380341265946438,0.47270239251875695,-0.15748331116592643,-0.8695559198917592,0.45491011003955634,0.5691727179443276,-0.38605500727234066
69,1.15,0.007254898450982259,0.0005757034332511539,0.7268915332100377,0.35724092582022177,51.32077907175792,4.567882228662717,0.23202176744672517,0.46723212747880916,-0.15806694028800322,-0.871237670473278,0.46109131778096824,0.5727952487223219,-0.379565961230955,0.23903148955672446,0.4721620648616807,-0.15653957013094535,-0.8735072941912602,0.45561285298850523,0.5655933882460343,-0.3865608938766648
70,1.1666666666666667,0.003741909551492739,0.00030130028261995625,1.1157290717584116,0.4020455848589888,44.975175615539655,3.7817139666813104,0.2410306810835752,0.47597687973249425,-0.14916210403011784,-0.8701493836558738,0.4618974885133222,0.5649336743266916,-0.38766099843184104,0.24103688464591655,0.4722969372435723,-0.15554400974787858,-0.8775075192331575,0.455513807098972,0.5612532664333179,-0.38765164894571563
71,1.1833333333333333,0.008983773783206861,0.0007154303501494917,1.0925283132128354,0.403793838202661,51.63510103771534,4.542492517586969,0.2502109560517026,0.4792815308479736,-0.14996663123237922,-0.8798846210167465,0.45297901090424686,0.5516530706339374,-0.3955016914676781,0.24321362478542868,0.4720802889151284,-0.15544414069527254,-0.882154114137776,0.454503822196816,0.5565827130461392,-0.3884880951415484
72,1.2,0.0034044614673341047,0.00027048520248343263,0.9332702052615937,0.34856139012762866,47.98475983901782,4.424713690044908,0.24904628141068483,0.47186005083930105,-0.15912558128848528,-0.8927950724981001,0.44620841064528816,0.5458891469072378,-0.3925706756365529,0.24472444531299756,0.47109227406842374,-0.1561355897862549,-0.8868310112393084,0.45352580196530273,0.5526190092776957,-0.3882319270218188
73,1.2166666666666666,0.00756774530540051,0.000598422312852685,0.6784712868994214,0.2871690322332645,47.70512027878038,4.1869410272986975,0.24155059130701786,0.46337098176775926,-0.16392932681964423,-0.8965116410650681,0.45028219565614075,0.5503540239966356,-0.382882348427892,0.2458862055529266,0.47010047591547366,-0.15661124584886274,-0.8905475221044414,0.4532708031177278,0.5495868267388226,-0.3872004805275771
74,1.2333333333333334,0.007255990609033699,0.0005762545622735529,0.7105773325395827,0.2986873285656855,51.171916902127506,4.133402845800948,0.2407177481999094,0.4650697340938368,-0.15788212831957996,-0.8910264893723738,0.458702543070965,0.5538018839119891,-0.37943261495126684,0.2477287953128697,0.46999920683519436,-0.15635734352706507,-0.8932958091982832,0.4532229903524388,0.5466014433157462,-0.3864257015069817
75,1.25,0.003775088057810686,0.000303712045273341,1.0840642248175187,0.3528583238540605,44.86629068733293,3.729801201472627,0.2505604002519741,0.47425380983827475,-0.14968264481955076,-0.888693044225877,0.4587578762071542,0.5465837245181068,-0.38623780016601084,0.2505677870887974,0.47057341778008227,-0.15606707633998737,-0.8960508912399245,0.45237331587051377,0.542904814019004,-0.3862268528029343
76,1.2666666666666666,0.009007780850737673,0.000716880998397307,1.0589266230771264,0.36195770483252454,51.72440907472083,4.657142023036297,0.2605596690702402,0.4779971371828075,-0.15120555238901498,-0.8971439620692361,0.4490915031692863,0.533995042773576,-0.3927843839776387,0.2535633483320034,0.4707954637823216,-0.1566854831914048,-0.8994131822320375,0.4506156660846857,0.5389262500902059,-0.3857694726884457
77,1.2833333333333332,0.003393423252713633,0.0002691288943310497,0.9282937117744404,0.3163146877641539,48.152734889187684,4.594872361368121,0.2601959844982425,0.4710128042655906,-0.1610932002695243,-0.9087338537212911,0.44157907314107975,0.5289703599409771,-0.38855987193849273,0.2558749545387172,0.4702446169380566,-0.15810547820394763,-0.9027695360728888,0.4488960658746983,0.5357018431176872,-0.3842201245963121
78,1.3,0.00760592737552898,0.0006019829048386615,0.7104966481195315,0.2666167902917103,47.72609983202721,4.2270199770432235,0.2534799225891975,0.4629585121652987,-0.1666330177068135,-0.9110965692416956,0.4449202812123051,0.5342204631393873,-0.37758365987444453,0.25781610677020333,0.4696876187453723,-0.15931700609324245,-0.905132211198975,0.4479087559814929,0.533454928304043,-0.38190114004736436
79,1.3166666666666667,0.007262751610758572,0.000577333838433798,0.7213860419254242,0.28535437154689897,51.03238990190078,4.006710306203447,0.2534019071332831,0.46508886849096737,-0.1613261038713988,-0.9042272415070893,0.4526205312998043,0.5384980464055237,-0.3728567487502225,0.26041325720464287,0.47001797820506014,-0.15980313990068817,-0.906496340778966,0.4471411243675151,0.531299294897468,-0.379849557494542
80,1.3333333333333333,0.0038040626940315982,0.00030547621227397075,1.0577491702063713,0.34195792677357684,44.73840329688935,3.6091471141732074,0.26397108929477225,0.4747006085638758,-0.15386775620839652,-0.9004822900502006,0.4519714880795724,0.5321524637855835,-0.37840062467287455,0.26397848342739294,0.47101987902502396,-0.16025371274288996,-0.9078399365761998,0.445587360516093,0.5284752530084391,-0.3783897966712086
81,1.35,0.009039488851700946,0.0007187404274776395,1.0295555380119632,0.35903103751170484,51.78426988699326,4.704407067474525,0.2746650608929186,0.4788669276760189,-0.1561291118290156,-0.9074973851113299,0.44161968911273525,0.5204774097458945,-0.3837069587174251,0.26766842575300304,0.4716649427499598,-0.16161022748060458,-0.9097664261429984,0.44314457584124706,0.5254103098946494,-0.37669258186243715
82,1.3666666666666667,0.0033795210292869565,0.0002675655043370917,0.9421571620946384,0.3325580197821433,48.312298400616584,4.713163822572051,0.27496071653039317,0.472300212567932,-0.16674883235459598,-0.91763016973794,0.4334439735700382,0.516405441903832,-0.3782684394319534,0.27063902821777347,0.47153173927121517,-0.16376191456168063,-0.9116656957085294,0.44076198058946564,0.5231385932417213,-0.373929653897673
83,1.3833333333333333,0.007648195318364141,0.0006061250955273781,0.776691415369192,0.3047541254047487,47.77216714135547,4.245780533759121,0.2688651218761795,0.46465749140234686,-0.17301054221056003,-0.918517543137541,0.43614715966864365,0.5226452240563166,-0.3661095987952138,0.27320028654049106,0.47138633669336294,-0.16569491941596415,-0.9125530528462179,0.43913693367884415,0.5218813148699597,-0.37042847391257666
84,1.4,0.00727531843624304,0.0005790052196201668,0.7605937291243191,0.32433520804086147,50.9124995136251,3.8507501198875937,0.2693652483599702,0.4671927254507947,-0.16841145540374716,-0.9101577021498652,0.44323767932279967,0.5279471692960429,-0.3602364854755739,0.2763752062253893,0.472121596975166,-0.16688843639700138,-0.9124266945147522,0.43775984641229154,0.520749983406934,-0.3672311215830971
85,1.4166666666666667,0.0038282808702903726,0.00030657127451687115,1.038304602550077,0.37100795577005574,44.59140525213977,3.4163025073485795,0.2804668871941522,0.47720202744675183,-0.1616429427509981,-0.9049101426355834,0.4420101032850432,0.5226581972431238,-0.36467550435190693,0.28047251121324174,0.47352108071930127,-0.1680283800450173,-0.9122677086332489,0.43562780966750614,0.5189824750592822,-0.3646669283309284
86,1.4333333333333333,0.009077903902143135,0.0007210012040147836,1.0025824150119016,0.3909744660486768,51.80622755630948,4.685197897437384,0.29164439783624496,0.48175799189861634,-0.16457221654889423,-0.9104136213677446,0.4311137267298028,0.5120694198758378,-0.36892307449542305,0.2846456166604377,0.47455580814705073,-0.17005233703942835,-0.912682609032505,0.4326406881824362,0.5170037156878301,-0.36191135951222714
87,1.45,0.0033635070232799213,0.0002659186465126426,0.9685327409131537,0.38313172470324486,48.454796593576376,4.786121170179138,0.292371606951441,0.47557242427118895,-0.1758340586113569,-0.9190288752975083,0.42242997369906415,0.509110671877874,-0.3624764221538365,0.28804740598773365,0.4748037675729659,-0.17284566835366288,-0.9130643757659067,0.42975027274682853,0.5158451112020787,-0.3581406860330104
88,1.4666666666666666,0.007692622005401456,0.0006105960301001753,0.8630485773175117,0.3737215078658845,47.8443610201433,4.259152563466213,0.28665271243578455,0.4683017894574194,-0.18270830685600997,-0.9183959029019153,0.4246640502391399,0.5164877620344784,-0.34936436527513565,0.29098501470677435,0.4750304635176103,-0.17539074211363917,-0.9124314152321688,0.42765630717849773,0.5157250201101407,-0.353686649142224
89,1.4833333333333334,0.007293086851819976,0.0005812059548084337,0.8200340723887727,0.3885731226657541,50.824542228571325,3.6960207767277686,0.2874720534665965,0.47119950176675496,-0.17868852498748797,-0.9085160024489733,0.4313265600603371,0.5229481270991584,-0.3425969526200213,0.29447882360000643,0.476128210902201,-0.17716311320646091,-0.910785025659253,0.4258513713830627,0.5157519764828293,-0.3495953217619919
90,1.5,0.0038466984683275126,0.0003070593252806956,1.023141564906785,0.41916935123126187,44.44072149364037,3.18373441902348,0.298833058365422,0.48156114226048363,-0.17246261748694594,-0.9017517711145531,0.4297140100569384,0.5188356001879532,-0.3462042664816596,0.2988352008406682,0.47788003871521456,-0.1788452394574145,-0.9091093959913306,0.42333449046356053,0.5151607721022006,-0.34619970752594376
91,1.5166666666666666,0.009120313079335831,0.0007234689023382712,0.9721499940029105,0.43618011002489937,51.7911143477664,4.621006696587864,0.3102080244595421,0.4864587881903917,-0.17589455641264862,-0.9057450640511753,0.4184773813627246,0.509438109396063,-0.34968605099678446,0.30320550591731266,0.4792564501543634,-0.18137147680260635,-0.9080141381909587,0.4200072137178023,0.5143731510808397,-0.3426785920761857
92,1.5333333333333332,0.0033465679128128383,0.00026424749920082364,0.9971733812064127,0.4410049960388113,48.56595389491664,4.826499346727903,0.31106904492893006,0.48060374180621557,-0.18761615107607552,-0.9128597112286514,0.4094995212426216,0.507682221408456,-0.3425424774115796,0.3067408947958929,0.4798349306429558,-0.18462422189111255,-0.906895324922651,0.4168227546146246,0.5144172536206415,-0.33821118770710445
93,1.55,0.007735787181952562,0.0006149702850091351,0.9540933772381858,0.44332159393003573,47.931666459719715,4.283605521984303,0.3054189385729198,0.473651978466428,-0.19490457066465505,-0.9107387956621215,0.4114867874256194,0.5162704072713827,-0.3288049064043249,0.3097471283108595,0.48038049574868863,-0.18758318186736136,-0.9047744470941006,0.414482008619292,0.5155081026481941,-0.33313177535790284
94,1.5666666666666667,0.007314224190530746,0.0005836718364170983,0.8878775150425297,0.45153456119260166,50.77988692419175,3.5869879155807274,0.3062410392384055,0.4768564369288882,-0.191251047778871,-0.8993866897792816,0.41795065761827593,0.5239467105528217,-0.32148550843550366,0.31324358557666593,0.4817849854803389,-0.18972158639051753,-0.9016558768331461,0.4124784303993215,0.5167508412579312,-0.32848854793252913
95,1.5833333333333333,0.0038577004237471024,0.00030691827660673154,1.007854722950718,0.4651827672225598,44.31414531628711,2.972870053755663,0.31753815996494034,0.4875122369661612,-0.18534152043250798,-0.8911690517923521,0.41618823246552916,0.5210515307260664,-0.324616053534062,0.31753602176645607,0.48383096824502286,-0.1917199309805606,-0.8985268639305316,0.4098116402956502,0.5173768296185183,-0.3246161963033805
96,1.6,0.00916276492042085,0.0007259978107170367,0.9318838436389304,0.4757539306053639,51.74776982168509,4.541253273552516,0.3287823836287233,0.4926910091739312,-0.18903838006308019,-0.893730782390689,0.40485080735416695,0.512869336432936,-0.3276975319875234,0.32177558267998857,0.48548850144655076,-0.19451099387022905,-0.896000065859497,0.4063835036661968,0.5178043543136586,-0.3206947524464707
97,1.6166666666666667,0.0033300503499022315,0.00026263661162233775,1.0191824865291927,0.48868537730223893,48.628037144149644,4.840930350475402,0.3294459950344992,0.487103624536222,-0.20097225757847692,-0.8994387395515402,0.39582126732944467,0.5123232238992036,-0.32023091595374714,0.32511361528632154,0.4863346400316806,-0.1979759938895085,-0.8934745832757649,0.40314727434186287,0.5190580867192999,-0.3159042313273358
98,1.6333333333333333,0.0077731574985976035,0.0006187762553942225,1.0386571032418501,0.4989968220804488,48.01356281171017,4.320985371270377,0.32353241046236736,0.4804056429640624,-0.20841955379881705,-0.8959390146555347,0.39780573848277045,0.5221121967067666,-0.30624792536314677,0.3278564762483517,0.48713398493288734,-0.20109386928294312,-0.8899749155085181,0.4008036186135972,0.5213495838476551,-0.31057927507789906
99,1.65,0.007336624359063647,0.0005860465991636623,0.9543918653444318,0.5006708647538227,50.785622838545486,3.5565817451800417,0.32402596260688954,0.48384960413604944,-0.20487114685513497,-0.8832389670293826,0.40431520523466313,0.5309768480368007,-0.29876065383009204,0.33102454020588484,0.48877797779702936,-0.20333749219123748,-0.8855084216425348,0.3988455012073459,0.5237805395098291,-0.3057680035613862
100,1.6666666666666667,0.003859324004816823,0.000306211089177096,0.98931324371299,0.4982389006618107,44.24250675869527,2.8476186223226088,0.33493085349751467,0.49473024541500954,-0.19901302843937094,-0.8737072183467753,0.40264602572187674,0.5292541567472232,-0.3018003725620088,0.33492494733482486,0.49104880522387573,-0.20538740814055262,-0.8810653151962686,0.396271802780815,0.5255788942512829,-0.3018046123016687
101,1.6833333333333333,0.009200365613208205,0.0007283761828710704,0.8784389646006857,0.5009943484706918,51.68858335607009,4.466254374648048,0.3457209306889875,0.500118831719503,-0.20270804292808617,-0.8749916078509112,0.39144851572908673,0.5222252131733408,-0.30486716595461555,0.3387106029873361,0.4929161593988363,-0.20817684280520785,-0.8772611924920195,0.39298341232081857,0.5271595570134138,-0.29786823202449786
102,1.7,0.0033153962069464083,0.00026136404465162006,1.0301337747877142,0.5199535797771843,48.62416671748039,4.821647465882176,0.34587059966316563,0.4947258848255698,-0.21458765680917674,-0.8794619055518529,0.3826043588314011,0.5228097888759768,-0.2974607144292438,0.3415349689004466,0.4939567463775152,-0.21158784412520495,-0.8734980666395538,0.38993238533464614,0.529543874908494,-0.29313759096439324
103,1.7166666666666666,0.007799919604447538,0.0006214784809208605,1.1107974413907262,0.5370227889535238,48.0668249997511,4.353256217011715,0.33938572973134346,0.48820663145257864,-0.2219294682862599,-0.8747670870226648,0.38481827382960315,0.5337036270212507,-0.2836110841801603,0.34370684856883826,0.4949348339250547,-0.21460054014250005,-0.868803321571687,0.38781798395027745,0.5329401445776393,-0.28794568305188756
104,1.7333333333333334,0.007357740450459388,0.0005881344974710282,1.0137072664345688,0.5331866437599335,50.84286761187134,3.6070772909173368,0.3392534127646991,0.49181329294764947,-0.2182258881015186,-0.860917366212531,0.3915996495756445,0.5436441339266154,-0.27632838092668105,0.3462493691179839,0.49674154524994635,-0.21668932786384487,-0.8631871716996415,0.3861315801212459,0.5364468728849449,-0.2833386456592447
105,1.75,0.0038497672274478865,0.00030490948761849736,0.9672061449014867,0.516133160465573,44.24954505730142,2.842453366842119,0.34948088645365655,0.5028403019471936,-0.2121647468006846,-0.8502841887872802,0.3902430781130754,0.5429651838918853,-0.2796415831229058,0.34947269972393485,0.49915876189233693,-0.21853658341409263,-0.8576426552265255,0.3838702910873141,0.5392888954776279,-0.279648387199277
106,1.7666666666666666,0.009228466426329941,0.0007302662952369743,0.8130187245856857,0.5109256019191146,51.62492740289665,4.400312725082008,0.35954527936179254,0.5083586305247542,-0.21561100081390397,-0.8505181856067229,0.379396957261092,0.5369448525366417,-0.28304820966587757,0.35253302012886667,0.5011558826004971,-0.22107763617200943,-0.8527881609997058,0.3809330903680219,0.5418781060189268,-0.27605147860454293
107,1.7833333333333332,0.003303969017313028,0.00026045919019884717,1.0299704050307599,0.5352047191724831,48.54311958117028,4.7510665413126105,0.35892449023388917,0.5030785174089408,-0.22719846697930793,-0.8539918846968034,0.3709409196158456,0.5384999934106327,-0.27604513620164584,0.3545872793734649,0.5023093295438559,-0.2241968762319276,-0.8480284609427293,0.3782699846570833,0.5452329327354719,-0.27172384882931905
108,1.8,0.007811726377790289,0.0006226317399976466,1.1679966758634917,0.5587317385742725,48.073230806042005,4.354074239112229,0.35162806109488626,0.49665491355449776,-0.23420729528004156,-0.8483569837793248,0.3735775188656175,0.5503235338403236,-0.2626594194792398,0.3559479478633731,0.5033830937903729,-0.22687697587149752,-0.8423936622768721,0.376578072828033,0.5495588556026744,-0.26699548749441165
109,1.8166666666666667,0.007375206504892266,0.0005895875810682041,1.0625043032865757,0.5505657545249012,50.94772047658272,3.7177429226992804,0.350646902052385,0.5003397693648454,-0.2301326129816064,-0.8336263812956962,0.38081388312796,0.5611501718626823,-0.2558979856448158,0.3576419658339802,0.5052680264680499,-0.22859504148142235,-0.835896665105141,0.37534646778410785,0.553951672107904,-0.2629093574118932
110,1.8333333333333333,0.003827887947011816,0.00030298974869797876,0.9432845998894677,0.5205230182924876,44.34623246707992,2.9536361519333645,0.35999218148810286,0.5114272485926944,-0.2236650946617131,-0.8221741672692882,0.37994226648984,0.5613111852786312,-0.25978649846082863,0.35998342879763257,0.5077457389514525,-0.23003628680501068,-0.8295331532321798,0.37356995021788314,0.5576336201949724,-0.25979405694125224
111,1.8499999999999999,0.009243329891551284,0.0007314953554573334,0.7406432180428335,0.5076687840166412,51.56471197233499,4.339567520118277,0.3691450387788076,0.5169880537862024,-0.22667263208219163,-0.8216535739271907,0.3696086693788885,0.5560821688930796,-0.26381906129316957,0.36213252385350375,0.509785359072783,-0.23213897091543145,-0.8239241180826242,0.37114509742622714,0.561014111299372,-0.25682274574077507
112,1.8666666666666667,0.003296818752815277,0.00026012500206796244,1.020881747544763,0.5366954214260702,48.382394849555816,2.391491613482926,0.36758743331404703,0.5117321507714166,-0.2377920333110433,-0.8244396835143596,0.36169028484995563,0.5583776139627936,-0.2574890670828679,0.3632502576297908,0.5109630347307641,-0.2347904707835716,-0.8184768875211346,0.3690194773996583,0.5651092102073098,-0.25316787363558463
113,1.8833333333333333,0.0078059291254222365,0.0006220680700399276,1.2087959368346706,0.5246701426384147,48.02454676441626,3.741966243943179,0.35933298763206906,0.505314212063048,-0.24430646334518663,-0.8181866974019636,0.3648872010187258,0.5708882077363819,-0.24482005406143323,0.36365317911877226,0.5120424770495048,-0.23697646976608547,-0.812224073754185,0.36788772428811994,0.570122155203242,-0.24915591527565145
114,1.9,0.0073872125200690275,0.0002838921305165864,1.0980098343430758,0.5013243715710407,51.093667531670945,1.8869291325817568,0.35737668537233563,0.5089859019521931,-0.23971405665227938,-0.8029099612084604,0.3727040704416517,0.5823465323664045,-0.23881542518670842,0.36522927632563235,0.5140938222493524,-0.23872237835752447,-0.8063042861475308,0.36583568885733336,0.5738439061970515,-0.24668070191474603
115,1.9166666666666667,0.003793754837136858,0.0005105336964317496,0.9194718942976711,0.5136839929275248,44.53050189491836,3.5176395240904124,0.365733736235968,0.5200410889912742,-0.23270845966773102,-0.7909859497660804,0.37243067611188263,0.5830818769974294,-0.2434973442017288,0.3664801281269635,0.5161091976166056,-0.24026628727358795,-0.8001461298834001,0.364123608522943,0.5778533894725941,-0.2442486537659542
116,1.9333333333333333,0.009242807156602771,0.0007061296107502454,0.6684280195754555,0.5407824371244881,51.51208735093047,4.828003241092012,0.3738892659215159,0.5255501706528553,-0.23516047557230285,-0.7900702101850059,0.362710565582001,0.578367977719024,-0.24835646360608898,0.3672376917400997,0.5180009313961377,-0.24158343521715378,-0.7936440984537617,0.3629424144952303,0.5823434186651626,-0.24169950829481998
117,1.95,0.00329454687829097,0.0005624268421841437,1.0050776559707173,0.5883557718168239,48.14870192898062,6.168898069523328,0.37132914387709876,0.5202227979537689,-0.24570974114010266,-0.7925400612560951,0.3554185104434728,0.5811175997485246,-0.24288279869727347,0.367333924382378,0.5196813518328259,-0.2426490608911019,-0.7866926853505918,0.3624830379844796,0.5875068074100547,-0.23887300296688949
118,1.9666666666666666,0.007781939564155317,0.0001254066224592214,1.2313297521114241,0.6612941310695613,47.923487678796,7.524018348593404,0.3620708087607302,0.513713319528553,-0.2516421486526806,-0.7860518519865122,0.359252220281798,0.5940198402227646,-0.23109660375796362,0.3666007832711357,0.521062787171548,-0.24343840299831218,-0.779186384065866,0.3629364102009754,0.5935363693425683,-0.23560887524770882
119,1.9833333333333334,0.0073927397347268884,0.0013848732018996567,1.1169983103870005,0.7624636661754818,68.38842937467011,8.545626640643116,0.3591129494213661,0.5172730690661553,-0.24645844262001748,-0.7706229751017888,0.36771402323697433,0.6058058306455095,-0.2259981099553072,0.3648702256237099,0.5220575656571811,-0.24392670024166455,-0.7710196880915605,0.36449346235500196,0.6006249180980008,-0.23174686260282412
120,2.0,0.003748972437633596,0.003465893776066071,1.594430776487858,0.8830200437074658,92.06994708033785,9.228374965637231,0.3664743560348463,0.528195580684646,-0.23885474977510343,-0.758631838393047,0.36809144167129243,0.6068035533280052,-0.23160643635894473,0.36197420865743773,0.5225780155346029,-0.24408919132403886,-0.7620870909196513,0.36734512565684374,0.6089652673116502,-0.22712670249778144
