strategy,frame,target_x_m,target_y_m,target_z_m,actual_x_m,actual_y_m,actual_z_m,position_error_m,orientation_error_rad,delta_q_norm_rad,success,q1_rad,q2_rad,q3_rad,q4_rad,q5_rad,q6_rad,q7_rad
independent_zero,0,0.6459845900535583,0.17234976470470428,0.8146611452102661,0.6463561654090881,0.1724429726600647,0.8149420619010925,0.00047504752916357676,0.00018859376329092214,0.0,True,0.1961997942421849,0.5204011596798959,0.11970192469661667,-0.7634503055130749,0.014933524952227772,0.5874660850660516,-0.07458304064951538
independent_zero,1,0.6459845900535583,0.1723086507473415,0.8162312238975544,0.6463426351547241,0.17239725589752197,0.8164994716644287,0.0004560745898867337,0.00019168209243977115,0.008130409315104406,True,0.19668876682163958,0.5218453397503914,0.11929032301393142,-0.7571285265248,0.014777644582812085,0.5923204734551937,-0.07434827581468842
independent_zero,2,0.6459845900535583,0.17218542156575248,0.8177969991082957,0.6463289856910706,0.17226986587047577,0.8180524706840515,0.0004370410984756269,0.0001942665614319527,0.008050547390522767,True,0.19698521204173086,0.5232553130978733,0.11899468843342062,-0.7508668853940363,0.014748204524054266,0.5971615685165707,-0.07429544483972794
independent_zero,3,0.6459845900535583,0.17198041492255842,0.819354179161473,0.6463152170181274,0.17206116020679474,0.8195969462394714,0.0004180548346646238,0.0001971456357216591,0.007959683226619437,True,0.19709049646839463,0.5246264805264976,0.1188130485130442,-0.7446836494236544,0.014843873375327006,0.6019755982289906,-0.07442168830705648
independent_zero,4,0.6459845900535583,0.17169419272671846,0.8208984959347989,0.6463013887405396,0.17177169024944305,0.8211285471916199,0.00039911258419945446,0.00020014638210303227,0.00785760030539058,True,0.19700633555933217,0.5259541907550851,0.11874327332083347,-0.738597210190105,0.015063066220087361,0.6067487596366467,-0.07472377869368965
independent_zero,5,0.6459845900535583,0.17132753949337634,0.8224257165633417,0.6462876796722412,0.171402245759964,0.8226431012153625,0.00038039509743817315,0.00020313879885367053,0.007744229594099929,True,0.1967347708294016,0.5272337566714032,0.11878310448459839,-0.7326260285712058,0.015403962953875657,0.6114672564480786,-0.07519815879371498
independent_zero,6,0.6459845900535583,0.17088146019355888,0.8239316550415146,0.6462740302085876,0.17095385491847992,0.8241365551948547,0.00036194015027157035,0.00020626904497443263,0.007619674534787698,True,0.1962781489230434,0.5284604740705002,0.11893018140792486,-0.7267885745782559,0.015864526349908037,0.6161173385409402,-0.07584097915756394
independent_zero,7,0.6459845900535583,0.17035717749962034,0.8254121836966252,0.6462604999542236,0.17042772471904755,0.8256047964096069,0.00034380639996403845,0.00020875127723978361,0.007484237159570354,True,0.19563910269717721,0.5296296429404103,0.11918206459156974,-0.721103261941434,0.016442519624868607,0.620685343527285,-0.0766481341846521
independent_zero,8,0.6459845900535583,0.1697561284339823,0.8268632445025401,0.6462472081184387,0.16982531547546387,0.8270437121391296,0.00032607309390179706,0.0002120259621996275,0.007338445515080706,True,0.19482053434632954,0.5307365913317348,0.11953625599051897,-0.7155883773992774,0.017135523373734734,0.6251577403495875,-0.07761529658014253
independent_zero,9,0.6459845900535583,0.16907996043035534,0.8282808602024525,0.6462340950965881,0.1691482663154602,0.8284494876861572,0.0003087939259406506,0.00021506665645589014,0.007183082496150992,True,0.19382560061224888,0.5317767017771581,0.11999021645377297,-0.7102620048740617,0.017940951649984684,0.6295211749797271,-0.07873794987184245
independent_zero,10,0.6459845900535583,0.16833052681823746,0.8296611452102661,0.6462213397026062,0.16839845478534698,0.8298182487487793,0.00029214059432621306,0.00021794412698798585,0.007019216011826481,True,0.19265770005685434,0.5327454401576062,0.1205413802283843,-0.7051419447084878,0.01885606709748479,0.6337625180223688,-0.08001141874483417
independent_zero,11,0.6459845900535583,0.167509881743067,0.8310003162607169,0.6462090611457825,0.16757793724536896,0.8311462998390198,0.0002762788949086977,0.00022046162193421412,0.00684823019011894,True,0.19132046236683048,0.533638386852416,0.121187166654211,-0.7002456283838053,0.0198779949749005,0.6378689142001396,-0.08143089698802095
independent_zero,12,0.6459845900535583,0.1666202745359527,0.8322947027790403,0.6461970806121826,0.1666889637708664,0.8324301242828369,0.00026116935537697324,0.0002238196575825118,0.006671856603311842,True,0.18981773961667864,0.5344512699366287,0.12192498916931982,-0.6955900292348418,0.021003735904834224,0.6418278333603594,-0.08299147281271439
independent_zero,13,0.6459845900535583,0.1656641435484134,0.8335407569417612,0.6461857557296753,0.16573397815227509,0.8336660265922546,0.00024705664629563707,0.0002266002940496743,0.00649220393024074,True,0.18815359945330667,0.5351800001042704,0.1227522617131612,-0.6911915699068382,0.0222301773243568,0.6456271228273217,-0.08468815145054404
independent_zero,14,0.6459845900535583,0.1646441094690261,0.8347350634010319,0.646174967288971,0.16471561789512634,0.8348508477210999,0.00023401486179360696,0.00022929765476299187,0.00631178303978343,True,0.18633232002192993,0.5358207068932126,0.12366640273966828,-0.6870660273039241,0.023554103489870505,0.6492550605705003,-0.08651587485407938
independent_zero,15,0.6459845900535583,0.16356296814030072,0.8358743486458625,0.6461648344993591,0.16363665461540222,0.8359813094139099,0.00022216742055531762,0.0002317389631424674,0.00613352277884814,True,0.18435838658617582,0.5363697757851426,0.12466483701111625,-0.6832284361579719,0.024972203972019436,0.6527004088369575,-0.08846953843034659
independent_zero,16,0.6459845900535583,0.16242368289547005,0.8369554899745879,0.6461554169654846,0.16250008344650269,0.8370543122291565,0.0002116239968301684,0.00023462753485718326,0.00596076950427479,True,0.18223648964065953,0.536823885595487,0.1257449953664387,-0.6796929922868774,0.026481080603480495,0.6559524675881224,-0.09054400473945344
independent_zero,17,0.6459845900535583,0.16122937643619942,0.8379755240539752,0.646146833896637,0.16130901873111725,0.8380670547485352,0.00020259276345249128,0.00023698100684860606,0.00579726080549179,True,0.17997152439242523,0.5371800455505336,0.12690431263653143,-0.6764729568450952,0.028077252884198812,0.6590011271895624,-0.09273411415757604
independent_zero,18,0.6459845900535583,0.15998332227347847,0.8389316550415146,0.6461390852928162,0.16006673872470856,0.8390166163444519,0.00019505257313339792,0.0002396827021268255,0.0056470615011468325,True,0.17756859139017592,0.5374356314251141,0.12814022400810637,-0.6735805629525489,0.02975716175831049,0.6618369196126044,-0.09503469247730816
independent_zero,19,0.6459845900535583,0.1586889357551551,0.8398212622486289,0.6461321711540222,0.15877662599086761,0.8399006724357605,0.00018914475005593986,0.0002414152573934841,0.005514449436223898,True,0.17503299813155315,0.537588420019919,0.12945016000147824,-0.6710269261457357,0.03151717184740041,0.6644510675124233,-0.09744055553515787
independent_zero,20,0.6459845900535583,0.1573497647047043,0.8406419073237993,0.6461262702941895,0.15744227170944214,0.8407167196273804,0.00018500734384873106,0.00024360458805216325,0.00540374114943798,True,0.17237026143619058,0.5376366212879343,0.13083154026019547,-0.6688219601383971,0.0333535721983643,0.666835530357029,-0.09994651094578334
independent_zero,21,0.6459845900535583,0.15596947969689068,0.8413913409359172,0.6461213827133179,0.15606732666492462,0.8414624333381653,0.00018259351186427196,0.00024584060215131735,0.005319055975860945,True,0.16958611032485837,0.5375789074285262,0.13228176648048542,-0.6669742993530152,0.03526257553559281,0.6689830469456465,-0.10254735705162095
independent_zero,22,0.6459845900535583,0.1545518639969783,0.8420675089395442,0.6461175084114075,0.1546555459499359,0.842136025428772,0.00018196633347549625,0.000247720944622471,0.00526403164268828,True,0.16668648920070564,0.5374144382474573,0.1337982146033303,-0.6654912296649291,0.03724031617217951,0.6708871735245736,-0.1052378792494269
independent_zero,23,0.6459845900535583,0.15310080319106328,0.8426685580051821,0.646114706993103,0.1532108187675476,0.8427355289459229,0.00018308181758259522,0.0002492111185546614,0.0052415236037148365,True,0.16367756107742878,0.5371428821910404,0.1353782265193047,-0.6643786286640666,0.03928284672412455,0.6725423169628834,-0.10801284394230619
independent_zero,24,0.6459845900535583,0.1516202745359527,0.8431928406991207,0.6461130380630493,0.15173710882663727,0.843259334564209,0.0001859316452794854,0.0002511439781852574,0.005253336397968294,True,0.1605657105793693,0.5367644324951018,0.13701910151343644,-0.66364091659014,0.041386133659619434,0.6739437622008057,-0.11086699023801125
independent_zero,25,0.6459845900535583,0.1501143360577799,0.8436389199989381,0.6461125016212463,0.15023845434188843,0.8437060713768005,0.0001904626607691401,0.00025275316426403807,0.005300040705144013,True,0.15735754651833264,0.5362798179928546,0.13871808759669213,-0.6632810190138303,0.04354605199875914,0.6750876937246646,-0.113795019793584
independent_zero,26,0.6459845900535583,0.14858711542923708,0.8440055732322803,0.6461129784584045,0.14871898293495178,0.8440744876861572,0.00019652435858060692,0.0002541086871761361,0.0053809159209787585,True,0.15405990375194561,0.5356903082339393,0.14047237292615347,-0.6633003419248374,0.04575837920542857,0.675971210435273,-0.1167915849503484
independent_zero,27,0.6459845900535583,0.14704279865591122,0.8442917954281203,0.646114706993103,0.14718283712863922,0.8443636894226074,0.00020423011101153426,0.000255335212716197,0.005494029623807855,True,0.1506798441294221,0.5349977126992488,0.14227907745910337,-0.6636987598474292,0.04801878859678512,0.6765923338652943,-0.11985127559459871
independent_zero,28,0.6459845900535583,0.1454856186027339,0.8444968020713143,0.6461175680160522,0.1456342339515686,0.8445727229118347,0.00021338611586421946,0.0002565586857018206,0.00563643148060321,True,0.14722465627276715,0.5342043740018917,0.1441352449832015,-0.6644746171621597,0.0503228423773264,0.6769500094363917,-0.1229686049538277
independent_zero,29,0.6459845900535583,0.1439198433919926,0.8446200312529033,0.6461215019226074,0.14407743513584137,0.8447010517120361,0.00022392930226726053,0.00025733274808713877,0.005804416169388563,True,0.14370185404413685,0.5333131551395428,0.14603783561053485,-0.6656247426641821,0.05266598463592602,0.6770441009589167,-0.12613799477531462
independent_zero,30,0.6459845900535583,0.14234976470470428,0.8446611452102661,0.6461265087127686,0.14251668751239777,0.8447483777999878,0.00023582547417495752,0.0002583198879472267,0.0059938037366548775,True,0.140119173478075,0.5323274209527208,0.1479837188542349,-0.6671444770074026,0.055043534439663123,0.6768753783865668,-0.12935376013682406
independent_zero,31,0.6459845900535583,0.14077968601741597,0.8446200312529033,0.6461326479911804,0.14095626771450043,0.8447144627571106,0.0002490372615191931,0.0002595477808060743,0.006200196005976639,True,0.13648456808828807,0.5312510141127879,0.14996966730767455,-0.6690277125206602,0.05745067937896025,0.676445499265964,-0.13261009433539434
independent_zero,32,0.6459845900535583,0.1392139108066747,0.8444968020713143,0.6461397409439087,0.13940048217773438,0.8445995450019836,0.000263508605320817,0.00026044576595551374,0.006419184764744509,True,0.1328062023705061,0.530088226045852,0.15199235102080844,-0.6712669445019428,0.05988246968862661,0.6757569841993695,-0.1359010541080253
independent_zero,33,0.6459845900535583,0.13765673075349735,0.8442917954281203,0.6461479067802429,0.13785354793071747,0.8444038033485413,0.0002792044568069985,0.0002609143202002885,0.006646504359782449,True,0.12909244354680136,0.5288437633721833,0.15404833254047606,-0.673853333082667,0.06233381327265408,0.6748131869740244,-0.13922054560350622
independent_zero,34,0.6459845900535583,0.13611241398017151,0.8440055732322803,0.6461569666862488,0.13631974160671234,0.8441276550292969,0.00029597704875131153,0.00026175127487454767,0.006878132783148414,True,0.12535185134834753,0.5275227103944,0.15613406262886,-0.6767767742882143,0.06479947179777297,0.6736182598399413,-0.14256231135161548
independent_zero,35,0.6459845900535583,0.13458519335162866,0.8436389199989381,0.646166980266571,0.13480325043201447,0.8437720537185669,0.0003139102856094146,0.00026234949038476404,0.0071103510221206595,True,0.12159316598483924,0.5261304883693166,0.15824587665967715,-0.6800259791242181,0.06727405815312255,0.6721771148928565,-0.145919918665334
independent_zero,36,0.6459845900535583,0.13307925487345587,0.8431928406991207,0.6461777687072754,0.13330821692943573,0.8433377742767334,0.0003327872552398411,0.0002629831906960229,0.0073397716058580835,True,0.11782529426213609,0.5246728122730683,0.1603799916128245,-0.6835885591438937,0.06975203538434076,0.6704953820467655,-0.14928674963108574
independent_zero,37,0.6459845900535583,0.13159872621834529,0.8426685580051821,0.646189272403717,0.13183875381946564,0.8428260684013367,0.00035258706536518236,0.00026382510247259435,0.007563346361633114,True,0.11405729388941231,0.5231556457612073,0.16253250366579425,-0.6874511170306433,0.07222771736629709,0.6685793645735717,-0.15265599307026184
independent_zero,38,0.6459845900535583,0.13014766541243028,0.8420675089395442,0.6462015509605408,0.13039889931678772,0.8422382473945618,0.00037328558755878776,0.0002637711077050685,0.0077783609296360875,True,0.11029835612304768,0.5215851551162954,0.16469938629988548,-0.6915993407393207,0.07469527129032473,0.6664359928254707,-0.15602063861605564
independent_zero,39,0.6459845900535583,0.1287300497125179,0.8413913409359172,0.646214485168457,0.12899257242679596,0.8415759205818176,0.00039476522775814795,0.00026447226380131323,0.007982421752113021,True,0.10655778685705014,0.519967662850463,0.16687648892720122,-0.6960180997712921,0.07714872221927137,0.6640727771465026,-0.15937347328634435
independent_zero,40,0.6459845900535583,0.1273497647047043,0.8406419073237993,0.646228015422821,0.12762363255023956,0.8408408164978027,0.0004169224948615036,0.0002651648100119511,0.00817343910825406,True,0.10284498626382378,0.5183096016230259,0.16905953588236053,-0.700691542166684,0.07958195974536475,0.6614977603993899,-0.16270708058768757
independent_zero,41,0.6459845900535583,0.1260105936542535,0.8398212622486289,0.6462420225143433,0.12629584968090057,0.8400350213050842,0.00043969922312980076,0.00026575339498777814,0.008349608643076488,True,0.0991694271459557,0.5166174691434225,0.17124412582933796,-0.7056031909562828,0.08198874683959598,0.6587194708934258,-0.16601384238291186
independent_zero,42,0.6459845900535583,0.1247162071359301,0.8389316550415146,0.6462565064430237,0.1250128597021103,0.839160680770874,0.0004630270538421997,0.0002662033190092253,0.00850939286631008,True,0.09554063219124945,0.5148977845671293,0.17342573163090888,-0.710736039018759,0.08436273102095926,0.6557468764833403,-0.169285943781374
independent_zero,43,0.6459845900535583,0.12347015297320917,0.8379755240539752,0.6462713479995728,0.12377816438674927,0.8382200598716736,0.00048672262800363947,0.0002669882299798487,0.008651503295583042,True,0.09196815025403161,0.5131570468692486,0.17559970044703413,-0.7160726412509754,0.0866974578108727,0.6525893399475312,-0.17251538094472357
independent_zero,44,0.6459845900535583,0.12227584651393855,0.8369554899745879,0.6462864279747009,0.1225951761007309,0.837215781211853,0.0005107142487121829,0.00026762273123648805,0.008774883859219037,True,0.08846153185077507,0.511401695598562,0.17776125430175516,-0.7215952033083766,0.08898638656651957,0.6492565764562865,-0.17569397213446739
independent_zero,45,0.6459845900535583,0.12113656126910786,0.8358743486458625,0.646301805973053,0.12146712839603424,0.836150586605072,0.000534984088635739,0.0002685527356875199,0.008878695651029255,True,0.08503030399864665,0.5096380743437438,0.1799054911135936,-0.7272856662122499,0.09122290859908794,0.6457586132784335,-0.17881337194830285
independent_zero,46,0.6459845900535583,0.12005541994038246,0.8347350634010319,0.6463173627853394,0.12039710581302643,0.8350273966789246,0.000559415473458631,0.00026899372153507656,0.008962303166684553,True,0.08168394453487561,0.5078723971318561,0.18202738613611297,-0.7331257862877251,0.09340036758942656,0.6421057519087684,-0.18186508876856244
independent_zero,47,0.6459845900535583,0.11903538586099516,0.8335407569417612,0.6463330388069153,0.11938805878162384,0.8338491916656494,0.0005838892887874839,0.00026992740125249476,0.009025262099323604,True,0.07843185606317656,0.5061107179536967,0.18412179404540077,-0.7390972101162991,0.09551208229369537,0.6383085329604438,-0.18484050558680465
independent_zero,48,0.6459845900535583,0.11807925487345586,0.8322947027790403,0.6463487148284912,0.11844275146722794,0.8326192498207092,0.0006083152206380176,0.00027069082778875564,0.009067308623527866,True,0.07528333958248135,0.5043589034967253,0.18618345179056475,-0.7451815442578709,0.09755137130329535,0.6343777037445552,-0.18773090402989012
independent_zero,49,0.6459845900535583,0.11718964766634157,0.8310003162607169,0.6463644504547119,0.11756376922130585,0.8313409090042114,0.0006326644285674316,0.00027173671285061324,0.009088350210672108,True,0.07224756790100713,0.5026226091500202,0.18820698225459287,-0.751360419614771,0.09951157994773983,0.6303241885961417,-0.19052749169850586
independent_zero,50,0.6459845900535583,0.11636900259117114,0.8296611452102661,0.6463801264762878,0.11675354093313217,0.830017626285553,0.0006568086138149026,0.0002727860961479695,0.009088457960684604,True,0.06933355890884631,0.5009072582510656,0.19018689902743352,-0.7576155505167982,0.10138610905668394,0.6261590618781687,-0.19322143267860734
independent_zero,51,0.6459845900535583,0.11561956897905325,0.8282808602024525,0.6463956236839294,0.1160142719745636,0.8286530375480652,0.0006806284423591074,0.00027349268310553873,0.009067860433402611,True,0.06655014868573284,0.49921802453851327,0.19211761243208286,-0.7639287885559033,0.10316844552894917,0.6218935235338069,-0.19580388120220432
independent_zero,52,0.6459845900535583,0.11494340097542627,0.8268632445025401,0.6464110016822815,0.11534800380468369,0.8272508978843689,0.0007041345546106369,0.00027466479042881435,0.009026939005494096,True,0.06390596441649084,0.49755981770548546,0.19399343707240385,-0.7702821713748768,0.10485219444842768,0.6175388769699156,-0.19826601828453463
independent_zero,53,0.6459845900535583,0.11434235190978824,0.8254121836966252,0.6464261412620544,0.11475655436515808,0.8258150219917297,0.0007271931213656532,0.00027572418549288514,0.00896622471383783,True,0.061409397273956536,0.4959372719465508,0.19580860107568918,-0.7766579667071868,0.10643111266557889,0.6131065091462584,-0.2005990912887599
independent_zero,54,0.6459845900535583,0.11381806921584968,0.8239316550415146,0.6464410424232483,0.11424155533313751,0.8243493437767029,0.000749768722229936,0.0002769103182367885,0.00888639664729332,True,0.05906857492935446,0.4943547373507648,0.19755725740262725,-0.7830387118364166,0.10789914350899585,0.6086078725235007,-0.20279445617925235
independent_zero,55,0.6459845900535583,0.11337198991603224,0.8224257165633417,0.6464556455612183,0.1138044148683548,0.8228577971458435,0.0007717371705852781,0.00027797329863609176,0.008788281804570745,True,0.056891334014914925,0.4928162739995685,0.1992334973625261,-0.7894072489479972,0.10925045246180429,0.6040544686754727,-0.2048436222926138
independent_zero,56,0.6459845900535583,0.11300533668269011,0.8208984959347989,0.6464698314666748,0.11344632506370544,0.8213446736335754,0.0007930980519956521,0.0002787589472166252,0.008672856493308156,True,0.05488519200732328,0.4913256485786034,0.20083136668279,-0.7957467565205822,0.11047946346075861,0.5994578331618561,-0.20673829934825405
independent_zero,57,0.6459845900535583,0.11271911448685015,0.819354179161473,0.6464837193489075,0.11316826939582825,0.8198139071464539,0.0008137690126254341,0.00027992101782044047,0.008541249127858709,True,0.053057318964655,0.4898863333604384,0.20234488425661779,-0.8020407773005018,0.11158089561244462,0.5948295214750913,-0.2084704464632059
independent_zero,58,0.6459845900535583,0.11251410784365609,0.8177969991082957,0.6464971303939819,0.11297101527452469,0.8182697892189026,0.0008336620955951579,0.00028104129505303197,0.00839474443811119,True,0.05141450862979674,0.488501507373142,0.20376806399865247,-0.8082732430532756,0.11254979995576384,0.5901810957416177,-0.21003232290071042
independent_zero,59,0.6459845900535583,0.11239087866206707,0.8162312238975544,0.6465100646018982,0.11285509169101715,0.8167166113853455,0.0008527709249875165,0.0002819123117494844,0.008234788884432374,True,0.049963149068149366,0.4871740595788663,0.2050949397994686,-0.8144284965136344,0.11338159585525148,0.5855241117669906,-0.21141654002134957
independent_zero,60,0.6459845900535583,0.11234976470470429,0.8146611452102661,0.6465225219726562,0.11282080411911011,0.8151585459709167,0.0008710088381893489,0.000282801242668757,0.008062997060675297,True,0.048709192719863834,0.4859065938902671,0.20631959376903636,-0.8204913108214499,0.11407210680424489,0.5808701062304126,-0.21261611420574475
independent_zero,61,0.6459845900535583,0.11239087866206707,0.8130910665229778,0.6465345025062561,0.11286825686693192,0.8135998845100403,0.0008883633266126873,0.00028350304886953044,0.007881158678431513,True,0.0476581258450299,0.4847014358695728,0.20743618806374567,-0.8264469067731613,0.11461759516155076,0.5762305838100535,-0.21362452031858306
independent_zero,62,0.6459845900535583,0.11251410784365609,0.8115252913122365,0.6465458869934082,0.11299730837345123,0.8120449185371399,0.0009047372323166103,0.0002841356904207768,0.007691245559803693,True,0.0468149373989913,0.4835606409182848,0.20843899999475404,-0.8322809681646164,0.11501479540417782,0.5716170037779895,-0.21443574504178925
independent_zero,63,0.6459845900535583,0.11271911448685015,0.8099681112590592,0.6465567946434021,0.11320759356021881,0.8104979395866394,0.0009201890862555281,0.00028474773952453874,0.007495417665897583,True,0.04618408735587523,0.4824860038116991,0.20932246072050617,-0.8379796554962712,0.11526094553122632,0.567040766055584,-0.21504433978673543
independent_zero,64,0.6459845900535583,0.11300533668269011,0.8084237944857333,0.6465670466423035,0.11349852383136749,0.8089631795883179,0.0009345723783010473,0.00028507988157845416,0.007296026876913127,True,0.04576947455662557,0.48147906939042495,0.21008119716542917,-0.8435296182654239,0.1153538161422508,0.5625131963558127,-0.21544547245565548
independent_zero,65,0.6459845900535583,0.11337198991603223,0.8068965738571905,0.6465767025947571,0.113869309425354,0.8074448704719543,0.0009479204257522739,0.00028529001444439165,0.007095616590388434,True,0.045574404324730956,0.4805411442574006,0.21071007704345374,-0.8489180060892301,0.11529173686199416,0.5580455303469685,-0.21563497760840897
independent_zero,66,0.6459845900535583,0.11381806921584968,0.8053906353790177,0.6465857625007629,0.11431891471147537,0.8059471845626831,0.0009602090999387382,0.0002852203859504531,0.0068969146245730795,True,0.04560155591091672,0.4796733093112229,0.2112042567783027,-0.8541324788240152,0.11507361953376993,0.5536488966390142,-0.21560940431637
independent_zero,67,0.6459845900535583,0.11434235190978823,0.8039101067239072,0.6465941667556763,0.11484608799219131,0.8044741749763489,0.0009713427767232393,0.0002850432903016538,0.006702816085485284,True,0.04585295022342877,0.47887643292174176,0.2115592316727187,-0.8591612158686802,0.11469897802511952,0.5493342985317248,-0.21536606120904303
independent_zero,68,0.6459845900535583,0.11494340097542625,0.8024590459179921,0.6466019153594971,0.11544939130544662,0.8030299544334412,0.0009813527808279242,0.0002846411997200408,0.0065163523514228895,True,0.04632991799251352,0.47815118459511347,0.21177088793214632,-0.8639929247735633,0.1141679440491385,0.5451125943572495,-0.2149030579198946
independent_zero,69,0.6459845900535583,0.11561956897905325,0.8010414302180797,0.6466090679168701,0.1161271408200264,0.8016185760498047,0.0009903025227640334,0.0002839590083366298,0.006340641719542747,True,0.04703306889636905,0.47749804894528414,0.21183555609923813,-0.8686168493064607,0.11348127878649741,0.5409944765757759,-0.21421934252430713
independent_zero,70,0.6459845900535583,0.11636900259117113,0.7996611452102661,0.6466155648231506,0.1168774887919426,0.8002437353134155,0.0009980473959310262,0.00028324804695132325,0.006178817941077023,True,0.04796226212797356,0.4769173397701416,0.21175006471478533,-0.8730227770511789,0.11264038013260146,0.5369904494531373,-0.2133147342511979
independent_zero,71,0.6459845900535583,0.11718964766634156,0.7983219741598153,0.6466214060783386,0.11769835650920868,0.7989093661308289,0.0010046634579994067,0.00028212586011308296,0.00603393418072963,True,0.04911657880261157,0.4764092140735222,0.21151179384080532,-0.8772010466399898,0.11164728505609212,0.5331108054424083,-0.21218995083145725
independent_zero,72,0.6459845900535583,0.11807925487345586,0.797027587641492,0.6466265916824341,0.11858748644590378,0.797619104385376,0.001010127457802795,0.00028080842098682484,0.005908842975449549,True,0.05049429696039029,0.4759736858266614,0.21111872718531546,-0.881142554666387,0.11050466733538677,0.5293656004144819,-0.21084663022276195
independent_zero,73,0.6459845900535583,0.11903538586099516,0.795781533478771,0.6466311812400818,0.1195424348115921,0.7963765263557434,0.0010144926438565944,0.0002790888538224109,0.005806058009216201,True,0.05209286961654813,0.4756106393048403,0.21056950211874192,-0.8848387623482545,0.10921583015517794,0.5257646277571261,-0.20928734592059006
independent_zero,74,0.6459845900535583,0.12005541994038245,0.7945872270195004,0.6466351747512817,0.12056057155132294,0.7951849699020386,0.001017710741111002,0.00027721124849493,0.005727608827436721,True,0.05390890665592804,0.4753198418101907,0.20986345632744233,-0.8882817019479862,0.1077846939891416,0.522317391612178,-0.20751561578954542
independent_zero,75,0.6459845900535583,0.12113656126910785,0.7934479417746697,0.6466384530067444,0.12163911759853363,0.7940477728843689,0.0010197533946783588,0.0002749551056650205,0.00567490594732414,True,0.05593816105976305,0.4751009556075397,0.20900067015445867,-0.8914639829870045,0.10621577942760799,0.5190330792796237,-0.20553590371072378
independent_zero,76,0.6459845900535583,0.12227584651393852,0.7923668004459443,0.646641194820404,0.12277509272098541,0.7929680943489075,0.0010207501912005035,0.0002725524108043058,0.005648635773195767,True,0.058175520331127155,0.4749535489458378,0.20798200363565908,-0.8943787982540773,0.10451418559397814,0.5159205332422812,-0.2033536143306814
independent_zero,77,0.6459845900535583,0.12347015297320915,0.791346766366557,0.6466432809829712,0.12396537512540817,0.7919489145278931,0.001020637608909159,0.00026981221805187275,0.005648704507259272,True,0.060615003550063405,0.4748771059850237,0.20680912701183557,-0.8970199296027197,0.10268556394482949,0.5129882227688025,-0.20097508022655325
independent_zero,78,0.6459845900535583,0.1247162071359301,0.7903906353790177,0.6466448903083801,0.12520670890808105,0.7909929752349854,0.001019510528188952,0.0002668253587090037,0.005674241931241908,True,0.06324976471884132,0.474871035549372,0.2054845439833455,-0.8993817535290684,0.10073608801063297,0.5102442155233755,-0.19840754179681733
independent_zero,79,0.6459845900535583,0.12601059365425346,0.7895010281719034,0.6466458439826965,0.12649570405483246,0.790103018283844,0.0010173401370362233,0.00026347162952504503,0.005723666216174516,True,0.06607210288662835,0.4749346785996678,0.2040116066741524,-0.901459246469134,0.09867241958322202,0.5076961494342638,-0.1956591199992452
independent_zero,80,0.6459845900535583,0.12734976470470427,0.7886803830967329,0.64664626121521,0.12782879173755646,0.7892814874649048,0.0010142002197790314,0.0002600088105885714,0.005794800172079703,True,0.06907347958805025,0.47506731434998817,0.2023945215196509,-0.9032479898701256,0.0965016714873145,0.5053512049533618,-0.1927387817615859
independent_zero,81,0.6459845900535583,0.1287300497125179,0.7879309494846151,0.6466462016105652,0.12920235097408295,0.7885305285453796,0.0010100957301901066,0.00025634081076665875,0.005885019880394331,True,0.07224454358279157,0.4752681650270699,0.2006383457765356,-0.9047441748859377,0.0942313676007424,0.5032160781270311,-0.18965629867237707
independent_zero,82,0.6459845900535583,0.13014766541243025,0.787254781480988,0.6466456055641174,0.13061261177062988,0.78785240650177,0.0010051230206633626,0.0002523864937066278,0.005991415838041336,True,0.0755751634874732,0.475536399243742,0.19874897383853563,-0.9059446067604889,0.09186940069536534,0.5012969546442325,-0.1864221991701954
independent_zero,83,0.6459845900535583,0.13159872621834526,0.7866537324153501,0.6466445922851562,0.13205572962760925,0.7872487902641296,0.0009992741891929745,0.0002482446087278568,0.006110947534379555,True,0.07905446804166917,0.47587113402479,0.19673311330690943,-0.9068467087990921,0.08942398842927987,0.4995994850715972,-0.1830477145663954
independent_zero,84,0.6459845900535583,0.13307925487345587,0.7861294497214115,0.6466431021690369,0.1335277408361435,0.7867215275764465,0.0009926399404530796,0.0002439549303002647,0.0062405780588500335,True,0.08267089399520162,0.4762714355644657,0.1945982508869958,-0.907448525884752,0.0869036283022565,0.498128761667046,-0.17954471975489267
independent_zero,85,0.6459845900535583,0.13458519335162863,0.7856833704215941,0.6466411352157593,0.13502463698387146,0.7862720489501953,0.0009852434551745656,0.00023955674203072894,0.006377382781831911,True,0.08641224134869678,0.4767363187937995,0.19235260818484518,-0.9077487275419563,0.08431705166512601,0.4968892967706013,-0.1759256686914775
independent_zero,86,0.6459845900535583,0.1361124139801715,0.7853167171882519,0.6466387510299683,0.13654230535030365,0.7859014868736267,0.0009770817561007969,0.00023491240118554636,0.006518629542241382,True,0.09026573549653255,0.4772647458792625,0.19000508777875844,-0.907746610437229,0.08167317780552182,0.49588500314857853,-0.17220352581766588
independent_zero,87,0.6459845900535583,0.13765673075349735,0.785030494992412,0.6466359496116638,0.13807658851146698,0.7856109738349915,0.0009682486754677599,0.00023019680177628523,0.006661833499193561,True,0.09421809568833395,0.47785562380226765,0.1875652103868971,-0.9074421003435065,0.07898106807396094,0.49511917635347497,-0.16839169368678866
independent_zero,88,0.6459845900535583,0.13921391080667467,0.784825488349218,0.6466328501701355,0.13962334394454956,0.7854012846946716,0.000958862922722803,0.00022538633241392646,0.006804790125108029,True,0.09825560905726233,0.4785078011696369,0.18504304386700016,-0.906835753502897,0.07624988065444238,0.49459447926792915,-0.16450393765963614
independent_zero,89,0.6459845900535583,0.14077968601741594,0.7847022591676289,0.646629273891449,0.14117830991744995,0.7852729558944702,0.0009487955620380348,0.00022051385818860897,0.0069455909892589,True,0.10236420938686489,0.47922006442023096,0.18244912502799845,-0.9059287573552702,0.07348882643772532,0.49431292897563023,-0.16055430847784768
independent_zero,90,0.6459845900535583,0.14234976470470428,0.7846611452102661,0.6466254591941833,0.1427372545003891,0.7852264642715454,0.0009383215004522815,0.000216051039552108,0.007082626720850844,True,0.106529559581877,0.47999113360039025,0.17979437558765707,-0.9047229306306306,0.07070712604063474,0.49427588600169936,-0.15655706325428537
independent_zero,91,0.6459845900535583,0.14391984339199257,0.7847022591676289,0.6466212272644043,0.14429591596126556,0.7852618098258972,0.0009272725892431949,0.00021121838791183213,0.007214580365143268,True,0.11073713681059023,0.48081965787824205,0.17709001351872006,-0.9032207227747815,0.06791396843172409,0.4944840460330648,-0.1525265857935394
independent_zero,92,0.6459845900535583,0.14548561860273387,0.784825488349218,0.6466166973114014,0.1458500474691391,0.7853789925575256,0.0009158247063175003,0.0002066264798951423,0.007340414073186387,True,0.11497231915591494,0.48170421094904775,0.17434746126769665,-0.9014252127149865,0.06511847117853031,0.4949374341072409,-0.14847730681206955
independent_zero,93,0.6459845900535583,0.14704279865591122,0.785030494992412,0.646611750125885,0.14739538729190826,0.785577654838562,0.0009038984455092262,0.0002019394370274137,0.00745935087038033,True,0.11922047263861561,0.48264328647014537,0.1715782521956253,-0.8993401069437411,0.062329642671246084,0.49563540129279937,-0.1444236249099889
independent_zero,94,0.6459845900535583,0.14858711542923705,0.7853167171882519,0.6466065049171448,0.1489277184009552,0.7858572006225586,0.0008915777165524609,0.0001975876646532086,0.007570852983251239,True,0.12346703733035025,0.4836352936652859,0.1687939370783049,-0.8969697369491288,0.05955634613160236,0.49657662387017704,-0.14037982883243455
independent_zero,95,0.6459845900535583,0.1501143360577799,0.7856833704215941,0.6466010212898254,0.15044286847114563,0.7862169146537781,0.0008789712528714939,0.00019345610075137553,0.0076745977224872,True,0.12769761158844511,0.48467855318132763,0.16600599177857547,-0.8943190560115225,0.056807265783505846,0.4977591049365832,-0.1363600218008761
independent_zero,96,0.6459845900535583,0.1516202745359527,0.7861294497214115,0.6465951800346375,0.15193666517734528,0.7866557836532593,0.0008659968653345704,0.0001896531217310751,0.007770451445571937,True,0.13189803307128986,0.4857712932802547,0.16322572781131608,-0.8913936353395461,0.05409087501608485,0.4991801783642969,-0.1323780484475383
independent_zero,97,0.6459845900535583,0.15310080319106328,0.7866537324153501,0.6465891003608704,0.1534050703048706,0.7871726155281067,0.000852790052061518,0.00018594143033622964,0.007858442290652657,True,0.13605445575922379,0.48691164642426904,0.16046420700952344,-0.888199659642542,0.05141540671401191,0.5008365150805892,-0.12844742501902706
independent_zero,98,0.6459845900535583,0.1545518639969783,0.787254781480988,0.6465826034545898,0.15484404563903809,0.7877659797668457,0.0008392340717784431,0.00018241253910296655,0.007938731978226757,True,0.14015342177963047,0.4880976462604202,0.15773216169864537,-0.8847439220907334,0.04878882556146339,0.5027241314976308,-0.12458127325301452
independent_zero,99,0.6459845900535583,0.15596947969689068,0.7879309494846151,0.6465758085250854,0.15624964237213135,0.7884342074394226,0.0008254083684758243,0.00017916531367149406,0.008011587181265423,True,0.1441819275325283,0.48932722502952514,0.1550399212005608,-0.8810338187521103,0.0462188026628186,0.5048384000413999,-0.12079225863771767
independent_zero,100,0.6459845900535583,0.15734976470470427,0.7886803830967329,0.6465687155723572,0.15761804580688477,0.7891753911972046,0.0008113016646301995,0.00017659194063841926,0.008077350885230365,True,0.1481274832091694,0.49059821136164944,0.15239734583444595,-0.8770773424919768,0.043712692153992205,0.5071740615757105,-0.11709253326665234
independent_zero,101,0.6459845900535583,0.15868893575515508,0.7895010281719034,0.6465612649917603,0.1589454710483551,0.7899875640869141,0.0007969200321253565,0.00017420245438505303,0.008136414149218316,True,0.15197816532896286,0.4919083284355977,0.14981376902069427,-0.8728830763797157,0.041277510078412,0.5097252396792813,-0.11349368388913321
independent_zero,102,0.6459845900535583,0.15998332227347847,0.7903906353790177,0.6465535759925842,0.16022832691669464,0.7908684611320496,0.0007823616326655769,0.0001721765514912516,0.008189188923674573,True,0.1557226618982982,0.49325519245396077,0.14729794803602217,-0.8684601866240775,0.03891991535951831,0.5124854565021834,-0.1100066852942846
independent_zero,103,0.6459845900535583,0.1612293764361994,0.791346766366557,0.6465454697608948,0.16146305203437805,0.7918156385421753,0.0007674838424064669,0.00017042039243190315,0.008236082269360418,True,0.1593503099831088,0.4946363113636549,0.14485802373916265,-0.863818415020111,0.036646193101028436,0.5154476501785255,-0.10664185950458617
independent_zero,104,0.6459845900535583,0.16242368289547002,0.7923668004459443,0.6465370059013367,0.16264626383781433,0.7928264737129211,0.000752333075934236,0.00016918647707488984,0.008277472723910233,True,0.16285112562900217,0.49604908378873097,0.14250148946157815,-0.8589680709249615,0.034462240020493355,0.5186041935046853,-0.10340884077392512
independent_zero,105,0.6459845900535583,0.1635629681403007,0.7934479417746697,0.6465281844139099,0.1637747585773468,0.7938981652259827,0.0007369200593974623,0.00016833276654761178,0.00831368920078122,True,0.16621582628344522,0.49749079811087726,0.14023516900984548,-0.8539200227795086,0.03237355222383251,0.5219469139185249,-0.10031654672246053
independent_zero,106,0.6459845900535583,0.1646441094690261,0.7945872270195004,0.646519124507904,0.16484537720680237,0.7950277924537659,0.0007213415883073675,0.0001673792616724765,0.008344993013095178,True,0.16943584586736307,0.49895863163930465,0.13806520342332546,-0.848685689052221,0.030385215287298914,0.5254671143742016,-0.09737315552114446
independent_zero,107,0.6459845900535583,0.1656641435484134,0.795781533478771,0.64650958776474,0.16585522890090942,0.7962121367454529,0.0007053760571224306,0.000167431436508209,0.008371563356570298,True,0.17250334290960023,0.5004496498611454,0.1359970463371781,-0.8432770286814234,0.028501896644560158,0.5291555952700965,-0.0945860892460105
independent_zero,108,0.6459845900535583,0.1666202745359527,0.797027587641492,0.646499752998352,0.16680149734020233,0.7974480390548706,0.0006892125618999708,0.00016752380879942784,0.008393486617957075,True,0.1754112021269204,0.5019608057348358,0.13403546722871085,-0.8377065308259108,0.026727840344266993,0.5330026770632292,-0.09196200325908613
independent_zero,109,0.6459845900535583,0.167509881743067,0.7983219741598153,0.6464895606040955,0.16768158972263336,0.7987319827079773,0.0006727450458549713,0.00016779098163862576,0.008410749661593374,True,0.17815302999405144,0.5034889390226107,0.1321845620540022,-0.8319872038976988,0.025066864090452768,0.5369982235678072,-0.08950678147515385
independent_zero,110,0.6459845900535583,0.16833052681823743,0.7996611452102661,0.6464790105819702,0.1684930920600891,0.800060510635376,0.0006560273314020964,0.00016856059710483096,0.008423237160450453,True,0.18072314495514993,0.5050307757112674,0.13044777045788528,-0.8261325637705067,0.023522358675745987,0.541131665889011,-0.08722553740504717
independent_zero,111,0.6459845900535583,0.1690799604303553,0.8010414302180797,0.6464681029319763,0.1692337542772293,0.8014298677444458,0.0006389999709090235,0.00016972600266614991,0.008430732878648324,True,0.1831165627763494,0.5065829275271657,0.12882789886652504,-0.8201566209422871,0.022097289622439717,0.5453920268123116,-0.08512262060151753
independent_zero,112,0.6459845900535583,0.1697561284339823,0.8024590459179921,0.6464568376541138,0.1699015498161316,0.8028363585472107,0.0006217153647646186,0.00017100720875098545,0.008432924711533972,True,0.18532897782027785,0.5081418916417354,0.1273271485693358,-0.8140738665600855,0.0207942010566857,0.5497679456956551,-0.08320162826921236
independent_zero,113,0.6459845900535583,0.17035717749962032,0.8039101067239071,0.6464452743530273,0.17049463093280792,0.8042760491371155,0.0006041831840237691,0.00017254814263845616,0.008429413151926642,True,0.1873567408599728,0.5097040506485556,0.12594714794023876,-0.8078992570555161,0.019615221711953502,0.5542477037685909,-0.08146542165116075
independent_zero,114,0.6459845900535583,0.17088146019355888,0.8053906353790177,0.6464333534240723,0.1710113286972046,0.8057449460029602,0.0005863364300405818,0.0001743424244929372,0.008419722821146948,True,0.1891968341110522,0.5112656729238403,0.12468898797794738,-0.8016481972034349,0.018562072975347767,0.5588192499626536,-0.0799161468366971
independent_zero,115,0.6459845900535583,0.1713275394933763,0.8068965738571905,0.6464211344718933,0.17145024240016937,0.8072391152381897,0.0005682971319756233,0.000176359379431101,0.008403316583480269,True,0.1908468440486426,0.5128229135157315,0.12355326038709581,-0.7953365212633541,0.017636078711686095,0.5634702270987495,-0.07855525943614707
independent_zero,116,0.6459845900535583,0.17169419272671846,0.8084237944857333,0.6464086771011353,0.17181015014648438,0.8087543249130249,0.0005500420988313742,0.00017846670318306414,0.008379611848618193,True,0.19230493277100968,0.514371815694535,0.12254009725188603,-0.7889804720499141,0.016838176950640004,0.5681879987501323,-0.07738355284547895
independent_zero,117,0.6459845900535583,0.17198041492255842,0.8099681112590592,0.6463958621025085,0.17209002375602722,0.8102864623069763,0.000531513108335068,0.00018110381148006866,0.008347998585004804,True,0.19356980830921083,0.5159083133756852,0.12164921174649863,-0.782596677480033,0.016168933016577847,0.5729596766260061,-0.07640118945274288
independent_zero,118,0.6459845900535583,0.17218542156575248,0.8115252913122365,0.6463828682899475,0.17228913307189941,0.8118312954902649,0.0005128549376376912,0.0001831515901513385,0.008307858680752138,True,0.19464069457306243,0.5174282345767376,0.12087993901051491,-0.7762021244131473,0.015628554129956458,0.577772148792814,-0.07560773444653185
independent_zero,119,0.6459845900535583,0.1723086507473415,0.8130910665229778,0.6463696360588074,0.1724068969488144,0.8133845329284668,0.0004939992645872201,0.00018561948677169878,0.008258586283672636,True,0.19551730125371505,0.5189273061013595,0.12023127673381787,-0.7698141293245987,0.01521690507434385,0.5826121086690853,-0.07500219159343614
independent_zero,120,0.6459845900535583,0.17234976470470428,0.8146611452102661,0.6463561654090881,0.1724429726600647,0.8149420619010925,0.00047504752916357676,0.00018859376329092214,0.00819960894210126,True,0.1961997942421849,0.5204011596798959,0.11970192469661667,-0.7634503055130749,0.014933524952227772,0.5874660850660516,-0.07458304064951538
previous_solution,0,0.6459845900535583,0.17234976470470428,0.8146611452102661,0.6459360122680664,0.17217938601970673,0.8145631551742554,0.00020246171169429724,8.29169487739611e-05,0.0,True,0.36329098700361206,0.5235061591279226,-0.23921002120899593,-0.7673391769913563,0.3556488059286057,0.6019087586408526,-0.2296620255181381
previous_solution,1,0.6459845900535583,0.1723086507473415,0.8162312238975544,0.6459665298461914,0.1723015308380127,0.8162128329277039,2.6741203619731157e-05,4.687025179457963e-06,0.009414875035301683,True,0.36319471195290776,0.5253633875036108,-0.24040931145037742,-0.7602256057514817,0.35486329559288665,0.6070896006242663,-0.22727833871131364
previous_solution,2,0.6459845900535583,0.17218542156575248,0.8177969991082957,0.6459680199623108,0.17218023538589478,0.8177804946899414,2.395537957710962e-05,3.651848706039324e-06,0.008368313657635908,True,0.3625838801122861,0.5268580538978588,-0.2411496576881443,-0.7538419312206068,0.3545201141624714,0.611934216487077,-0.2256864716048411
previous_solution,3,0.6459845900535583,0.17198041492255842,0.819354179161473,0.6459680795669556,0.17197570204734802,0.8193378448486328,2.3698462747003557e-05,3.615428301422987e-06,0.00823740877163488,True,0.3617877862404168,0.5282966730471845,-0.24176641261151877,-0.7475514223020582,0.35430954469036385,0.6167541425185431,-0.2242991730716703
previous_solution,4,0.6459845900535583,0.17169419272671846,0.8208984959347989,0.6459680795669556,0.1716899424791336,0.8208823204040527,2.3501246080021537e-05,3.49641069795235e-06,0.008115642853928254,True,0.3608122883681142,0.5296825988479041,-0.242263897625506,-0.7413562053407714,0.3542280241104493,0.6215441102142886,-0.22311063117474048
previous_solution,5,0.6459845900535583,0.17132753949337634,0.8224257165633417,0.6459681987762451,0.171323761343956,0.8224097490310669,2.3192897015031207e-05,3.4145450817651207e-06,0.007982720161343607,True,0.35966267809574437,0.5310114781847303,-0.2426435010700449,-0.7352746900708172,0.35427400141263893,0.6262903108255846,-0.22212126966580398
previous_solution,6,0.6459845900535583,0.17088146019355888,0.8239316550415146,0.6459683179855347,0.17087815701961517,0.823915958404541,2.2848973021751986e-05,3.012983841270427e-06,0.007838185890778965,True,0.35834471731243056,0.5322787438150836,-0.24290682251941478,-0.7293257507438661,0.35444564661257405,0.6309787413251412,-0.22133125996402755
previous_solution,7,0.6459845900535583,0.17035717749962034,0.8254121836966252,0.645968496799469,0.17035435140132904,0.8253967761993408,2.2458197418845595e-05,3.27011745556515e-06,0.007682220813796076,True,0.3568645805731318,0.5334798178777215,-0.24305568935091854,-0.7235282723941283,0.35474085190611804,0.6355954505290126,-0.22074044157119338
previous_solution,8,0.6459845900535583,0.1697561284339823,0.8268632445025401,0.6459687948226929,0.1697537899017334,0.8268482089042664,2.193233381614526e-05,3.140435188369952e-06,0.007515214319782804,True,0.35522881618182484,0.5346101361636318,-0.24309213186474374,-0.7179010714814621,0.35515725344969645,0.6401265931535788,-0.22034834489566996
previous_solution,9,0.6459845900535583,0.16907996043035534,0.8282808602024525,0.6459690928459167,0.16907811164855957,0.8282662630081177,2.136959338087867e-05,3.24599146531609e-06,0.007337785385717817,True,0.35344430756870965,0.535665170778826,-0.24301835898357307,-0.7124628174733982,0.35569225393523957,0.6445584735824322,-0.22015421455824358
previous_solution,10,0.6459845900535583,0.16833052681823746,0.8296611452102661,0.6459695100784302,0.1683291643857956,0.8296470046043396,2.0717591751801594e-05,2.9282203577918346e-06,0.0071508234882448896,True,0.3515182346066354,0.5366404565391847,-0.24283673552126667,-0.70723195093699,0.3563430444855574,0.6488775995501086,-0.22015702909689647
previous_solution,11,0.6459845900535583,0.167509881743067,0.8310003162607169,0.6459699869155884,0.1675090193748474,0.830986738204956,1.9958930726895715e-05,2.8363920965982617e-06,0.006955527683383932,True,0.34945803474274295,0.537531619609901,-0.2425497614028335,-0.7022265940522605,0.35710662633525203,0.6530707324545537,-0.2203555178191116
previous_solution,12,0.6459845900535583,0.1666202745359527,0.8322947027790403,0.6459705233573914,0.1666199117898941,0.8322817087173462,1.915330689638567e-05,2.5525823957163465e-06,0.0067534524237004645,True,0.3472713640095475,0.5383344094183576,-0.24216005238485633,-0.6974644561215494,0.3579798319658617,0.6571249427709362,-0.22074817430334315
previous_solution,13,0.6459845900535583,0.1656641435484134,0.8335407569417612,0.6459710597991943,0.16566427052021027,0.833528459072113,1.8284460694145863e-05,2.922755556093825e-06,0.006546552396024499,True,0.344966058793943,0.5390447337049737,-0.24167032261374752,-0.6929627345531787,0.3589593453544739,0.661027665432226,-0.22133326623405541
previous_solution,14,0.6459845900535583,0.1646441094690261,0.8347350634010319,0.6459717154502869,0.1646447479724884,0.8347234725952148,1.733522066653832e-05,2.7187167577269944e-06,0.006337229765608132,True,0.3425500973958024,0.5396586955378081,-0.2410833691051978,-0.6887380108142265,0.36004172141541396,0.6647667565085875,-0.22210884175348553
previous_solution,15,0.6459845900535583,0.16356296814030072,0.8358743486458625,0.6459724307060242,0.16356410086154938,0.8358635306358337,1.631447611377365e-05,2.836235523934037e-06,0.006128376762594087,True,0.3400315628838264,0.5401726319586434,-0.24040205754567578,-0.684806144641698,0.3612234042982953,0.6683305519527682,-0.2230727326021597
previous_solution,16,0.6459845900535583,0.16242368289547005,0.8369554899745879,0.645973265171051,0.16242530941963196,0.8369454741477966,1.5205766372229826e-05,2.8532513725525006e-06,0.005923409217835529,True,0.33741860638745896,0.5405831546678577,-0.23962930968430862,-0.681182165312239,0.36250074476393096,0.6717079255919045,-0.22422255407272498
previous_solution,17,0.6459845900535583,0.16122937643619942,0.8379755240539752,0.6459740996360779,0.16123150289058685,0.8379663825035095,1.4076171784034631e-05,2.5998149499375727e-06,0.00572627658648629,True,0.3347194121896366,0.5408871910465396,-0.23876809357665885,-0.6778801632560463,0.36387001529462765,0.6748883444571533,-0.22555570050128418
previous_solution,18,0.6459845900535583,0.15998332227347847,0.8389316550415146,0.6459749341011047,0.15998594462871552,0.838923454284668,1.2937023522925373e-05,2.703318708050115e-06,0.005541442958821551,True,0.33194216404337773,0.541082024980554,-0.23782141284142902,-0.6749131830965213,0.365327425183106,0.6778619276358715,-0.22706934060146336
previous_solution,19,0.6459845900535583,0.1586889357551551,0.8398212622486289,0.6459758877754211,0.15869203209877014,0.8398141264915466,1.1672018578469881e-05,2.603570183258426e-06,0.005373804371833224,True,0.3290950136080099,0.5411653371130427,-0.2367923002229288,-0.67229311927148,0.366869132411942,0.6806194975374218,-0.22876040734865924
previous_solution,20,0.6459845900535583,0.1573497647047043,0.8406419073237993,0.6459769010543823,0.15735335648059845,0.8406357765197754,1.0469399236926112e-05,2.70249720540008e-06,0.005228535674586375,True,0.3261860506979117,0.5411352431369206,-0.2356838105859475,-0.6700306169633347,0.3684912550396525,0.6831526315043683,-0.2306255880254864
previous_solution,21,0.6459845900535583,0.15596947969689068,0.8413913409359172,0.6459779143333435,0.15597353875637054,0.8413862586021423,9.320478573911845e-06,2.751998798107325e-06,0.005110837109563423,True,0.32322327689823327,0.5409903296169919,-0.23449901605301268,-0.6681349801072597,0.370189880102094,0.6854537079778428,-0.232661311540421
previous_solution,22,0.6459845900535583,0.1545518639969783,0.8420675089395442,0.6459789872169495,0.15455637872219086,0.8420635461807251,8.214498114256796e-06,2.740517600196254e-06,0.005025586536268411,True,0.32021458136469844,0.5407296861808297,-0.2332410019565482,-0.666614087867614,0.3719610711673772,0.6875159482352325,-0.23486373540488026
previous_solution,23,0.6459845900535583,0.15310080319106328,0.8426685580051821,0.6459800601005554,0.15310576558113098,0.8426657319068909,7.289212642301289e-06,2.859159697344894e-06,0.00497691814521145,True,0.31716772025210654,0.540352933293529,-0.23191286491435992,-0.6654743219912168,0.3738008732881195,0.6893334517281813,-0.2372287309229352
previous_solution,24,0.6459845900535583,0.1516202745359527,0.8431928406991207,0.6459811925888062,0.15162567794322968,0.8431911468505859,6.603688348343292e-06,2.9415360213195045e-06,0.004967797691114784,True,0.31409029868925914,0.5398602448818689,-0.23051771056761677,-0.664720506262186,0.375705317262825,0.6909012258337225,-0.2397518702869052
previous_solution,25,0.6459845900535583,0.1501143360577799,0.8436389199989381,0.6459823250770569,0.15012015402317047,0.8436384201049805,6.263284586134512e-06,2.9456094415336346e-06,0.004999674008584116,True,0.31098975742159424,0.539252365126884,-0.2290586540490826,-0.6643558599191322,0.3776704206515089,0.692215207552784,-0.24242841172635157
previous_solution,26,0.6459845900535583,0.14858711542923708,0.8440055732322803,0.6459834575653076,0.14859333634376526,0.8440062403678894,6.3582526786721065e-06,3.1000145969264855e-06,0.005072306189348952,True,0.3078733618173643,0.5385306187317065,-0.2275388195451412,-0.6643819656393202,0.3796921885944263,0.6932722785169811,-0.2452532882884579
previous_solution,27,0.6459845900535583,0.14704279865591122,0.8442917954281203,0.6459846496582031,0.1470494121313095,0.8442935943603516,6.8540328807406395e-06,3.219754418390027e-06,0.005183799455670089,True,0.3047481955075299,0.5376969144379086,-0.22596134241446966,-0.6647987534255881,0.3817666116053431,0.6940702712836124,-0.24822109556700445
previous_solution,28,0.6459845900535583,0.1454856186027339,0.8444968020713143,0.6459857821464539,0.14549259841442108,0.8444997668266296,7.676498598968793e-06,3.302011247746018e-06,0.005330846580264387,True,0.30162115609668344,0.536753741510167,-0.22432937077649429,-0.6656045003825538,0.38388966310686495,0.6946079681531353,-0.2513260833972995
previous_solution,29,0.6459845900535583,0.1439198433919926,0.8446200312529033,0.6459869146347046,0.14392715692520142,0.8446241617202759,8.715056294590035e-06,3.541840199648743e-06,0.0055090927540592674,True,0.2984989560942388,0.5357041589695878,-0.22264606878212562,-0.6667958467457714,0.38605729441702313,0.6948850916816397,-0.2545621476580719
previous_solution,30,0.6459845900535583,0.14234976470470428,0.8446611452102661,0.6459880471229553,0.14235739409923553,0.8446664214134216,9.899359043239353e-06,3.520460434161808e-06,0.005713545625845187,True,0.29538812492384314,0.5345517781665593,-0.22091462003598314,-0.6683678274903498,0.38826542946115045,0.6949022877869875,-0.2579228257491325
previous_solution,31,0.6459845900535583,0.14077968601741597,0.8446200312529033,0.6459891200065613,0.14078761637210846,0.8446264266967773,1.1149560623782885e-05,3.728507560023231e-06,0.005938946018702661,True,0.2922950148323752,0.5333007384787369,-0.2191382316395679,-0.6703139191128998,0.3905099581171127,0.6946611014963124,-0.26140129400715834
previous_solution,32,0.6459845900535583,0.1392139108066747,0.8444968020713143,0.6459901928901672,0.13922210037708282,0.8445042967796326,1.2435091246622478e-05,3.774790906428241e-06,0.006180061469917129,True,0.2892258088222325,0.5319556771132361,-0.2173201385469853,-0.6726260999902001,0.39278672899456357,0.6941639461276718,-0.26499036800621006
previous_solution,33,0.6459845900535583,0.13765673075349735,0.8442917954281203,0.6459912061691284,0.13766516745090485,0.844300389289856,1.3740644377690614e-05,3.930292492350862e-06,0.0064318897908275385,True,0.2861865303104663,0.5305216932940978,-0.21546360829344033,-0.6752949233392842,0.39509154180136435,0.693414066646281,-0.26868250544321987
previous_solution,34,0.6459845900535583,0.13611241398017151,0.8440055732322803,0.6459922194480896,0.13612106442451477,0.8440151810646057,1.5011605185395389e-05,4.068862954587687e-06,0.006689781875767067,True,0.283183054107412,0.5290043080026077,-0.21357194662607873,-0.6783096012619139,0.39742013901630124,0.6924154981364773,-0.27246981097896134
previous_solution,35,0.6459845900535583,0.13458519335162866,0.8436389199989381,0.645993173122406,0.13459403812885284,0.8436495065689087,1.624729573591739e-05,4.171686464202525e-06,0.006949503805444102,True,0.2802211193845309,0.5274094194749631,-0.2116485024323318,-0.6816580970517395,0.3997681978927742,0.6911730201081049,-0.27634404415009994
previous_solution,36,0.6459845900535583,0.13307925487345587,0.8431928406991207,0.6459940671920776,0.13308826088905334,0.8432043790817261,1.7437280309830007e-05,4.357666188821281e-06,0.007207257300386104,True,0.2773063416308534,0.525743256201643,-0.20969667348537355,-0.685327225334874,0.4021313226652443,0.6896921079168563,-0.28029662940313904
previous_solution,37,0.6459845900535583,0.13159872621834529,0.8426685580051821,0.6459949016571045,0.13160787522792816,0.8426809310913086,1.8523682256314773e-05,4.625316594064287e-06,0.0074596721993217,True,0.2744442259085609,0.5240123276056596,-0.20771991222205047,-0.6893027567536738,0.40450503684630107,0.6879788822186361,-0.2843186677730101
previous_solution,38,0.6459845900535583,0.13014766541243028,0.8420675089395442,0.6459957361221313,0.13015691936016083,0.8420807123184204,1.960101035617386e-05,4.579289517941524e-06,0.007703786239959036,True,0.27164017878530294,0.5222233737625968,-0.2057217316730489,-0.6935695265499268,0.40688477638598214,0.6860400573793377,-0.2884009507463101
previous_solution,39,0.6459845900535583,0.1287300497125179,0.8413913409359172,0.6459964513778687,0.1287393867969513,0.8414052724838257,2.0541669533853146e-05,4.822454120200559e-06,0.007937016723972113,True,0.2688995206176792,0.5203833146489357,-0.20370571040527774,-0.6981115433943618,0.4092658840322806,0.6838828891530593,-0.29253397658655356
previous_solution,40,0.6459845900535583,0.1273497647047043,0.8406419073237993,0.6459971070289612,0.12735916674137115,0.8406565189361572,2.1414298550704414e-05,4.776095304029135e-06,0.00815712899284617,True,0.26622749572230237,0.5184992002283546,-0.20167549895120343,-0.7029120990001908,0.41164360394038485,0.6815151239934314,-0.2967079666115922
previous_solution,41,0.6459845900535583,0.1260105936542535,0.8398212622486289,0.6459977626800537,0.12602001428604126,0.8398365378379822,2.226230046869545e-05,4.70593675231756e-06,0.00836220651241171,True,0.2636292816558084,0.5165781616136442,-0.1996348253805769,-0.7079538756646717,0.41401307785248376,0.6789449492942088,-0.30091288360253104
previous_solution,42,0.6459845900535583,0.1247162071359301,0.8389316550415146,0.6459982991218567,0.12472563982009888,0.8389474749565125,2.29604833306437e-05,4.933702237702837e-06,0.008550622052036178,True,0.26110999701143495,0.5146273640889798,-0.19758750048505808,-0.7132190504746522,0.4163693427667681,0.6761809454706551,-0.30513845159805353
previous_solution,43,0.6459845900535583,0.12347015297320917,0.8379755240539752,0.6459988355636597,0.12347956001758575,0.8379918932914734,2.3651194012579105e-05,5.039853812026458e-06,0.008721010701984338,True,0.2586747072586689,0.5126539626567427,-0.19553742304835672,-0.7186893954183432,0.4187073299262832,0.6732320408734771,-0.30937417641096215
previous_solution,44,0.6459845900535583,0.12227584651393855,0.8369554899745879,0.6459992527961731,0.12228520214557648,0.8369722962379456,2.418624303974271e-05,5.250962850867118e-06,0.008872245804517013,True,0.2563284288480209,0.5106650602453092,-0.19348858485393985,-0.724346372712999,0.42102186534153,0.6701074695105999,-0.3136093670777438
previous_solution,45,0.6459845900535583,0.12113656126910786,0.8358743486458625,0.6459996700286865,0.1211458295583725,0.8358914852142334,2.46367370260159e-05,5.177633556155152e-06,0.0090034169710852,True,0.254076131211434,0.5086676692514652,-0.19144507553010348,-0.730171224455987,0.42330767192025237,0.6668167321970082,-0.31783315800088013
previous_solution,46,0.6459845900535583,0.12005541994038246,0.8347350634010319,0.6459999680519104,0.12006458640098572,0.8347525596618652,2.5032498406185708e-05,5.190910989111403e-06,0.009113811507708328,True,0.2519227368524385,0.5066686762125905,-0.18941108629773848,-0.7361450559940059,0.42555937384788445,0.6633695605218778,-0.32203453279878663
previous_solution,47,0.6459845900535583,0.11903538586099516,0.8335407569417612,0.6460002660751343,0.11904443800449371,0.8335584998130798,2.5347355621373017e-05,5.2358024145359055e-06,0.00920289607150562,True,0.24987311951236257,0.5046748100700095,-0.18739091431559762,-0.7422489133445883,0.42777150196883673,0.6597758852142896,-0.32620234760202593
previous_solution,48,0.6459845900535583,0.11807925487345586,0.8322947027790403,0.6460004448890686,0.11808814853429794,0.8323126435279846,2.5541015737735806e-05,5.1448511410844265e-06,0.009270303348097579,True,0.24793210042392202,0.5026926139607596,-0.18538896487859277,-0.7484638534307726,0.429938502206179,0.6560458064136557,-0.3303253571748706
previous_solution,49,0.6459845900535583,0.11718964766634157,0.8310003162607169,0.6460006237030029,0.11719837039709091,0.8310183882713318,2.568582320856008e-05,5.096371407904335e-06,0.009315817960666906,True,0.24610444226580924,0.5007284205022285,-0.18340975455440037,-0.7547710092216796,0.4320547447990976,0.6521895690021791,-0.3343922400877309
previous_solution,50,0.6459845900535583,0.11636900259117114,0.8296611452102661,0.6460007429122925,0.11637752503156662,0.8296793103218079,2.5758845333263217e-05,5.065518191177516e-06,0.009339365992313211,True,0.24439484170859835,0.49878833042477844,-0.1814579126682725,-0.7611516478740759,0.43411453597253985,0.648217540310502,-0.3383916257402966
previous_solution,51,0.6459845900535583,0.11561956897905325,0.8282808602024525,0.6460008025169373,0.11562786251306534,0.8282990455627441,2.5735850562175247e-05,5.363424527040993e-06,0.009341007255119712,True,0.24280792005572122,0.4968781945462018,-0.1795381807449306,-0.7675872224464442,0.4361121324532398,0.6441401895551084,-0.34231212386132376
previous_solution,52,0.6459845900535583,0.11494340097542627,0.8268632445025401,0.6460008025169373,0.11495145410299301,0.8268814086914062,2.5644387097045777e-05,5.439148369166786e-06,0.009320926138433529,True,0.24134821196595138,0.49500359894657525,-0.1776554131708091,-0.7740594195901189,0.4380417562458357,0.6399680726414003,-0.34614235238992336
previous_solution,53,0.6459845900535583,0.11434235190978824,0.8254121836966252,0.6460007429122925,0.11435014009475708,0.8254302740097046,2.5472143563217503e-05,5.381279512896571e-06,0.009279428577541054,True,0.24002015271843155,0.4931698530692778,-0.1758145742587482,-0.7805502005991023,0.43989761309859876,0.6357118168061904,-0.34987096942829216
previous_solution,54,0.6459845900535583,0.11381806921584968,0.8239316550415146,0.6460006833076477,0.11382555961608887,0.8239495754241943,2.5223779223534095e-05,5.33386643438428e-06,0.00921693770852854,True,0.2388280637169301,0.4913819804719171,-0.1740207350605874,-0.7870418385961624,0.4416739120621453,0.6313821089191728,-0.35348670514353325
previous_solution,55,0.6459845900535583,0.11337198991603224,0.8224257165633417,0.6460005640983582,0.11337916553020477,0.8224434852600098,2.4947667772752886e-05,5.4104965146384e-06,0.009133992794513308,True,0.2377761368256156,0.48964471222403033,-0.17227906779711444,-0.7935169505223373,0.4433648874328379,0.6269896845377724,-0.3569783958882412
previous_solution,56,0.6459845900535583,0.11300533668269011,0.8208984959347989,0.6460004448890686,0.11301218718290329,0.8209159970283508,2.458848181041292e-05,4.8753903298122215e-06,0.009031250139050418,True,0.2368684167325704,0.48796248251379315,-0.17059483870904682,-0.799958526187839,0.4449648225378575,0.6225453189356656,-0.36033501977063165
previous_solution,57,0.6459845900535583,0.11271911448685015,0.819354179161473,0.6460002660751343,0.11272560060024261,0.8193714022636414,2.41752470037e-05,4.726839993694176e-06,0.008909484908283475,True,0.23610878204720498,0.48633942664510943,-0.16897339885960055,-0.8063499532545042,0.4464680752932426,0.6180598193820892,-0.3635457336939317
previous_solution,58,0.6459845900535583,0.11251410784365609,0.8177969991082957,0.6460000276565552,0.11252022534608841,0.8178138732910156,2.3674489746590715e-05,4.332421325717304e-06,0.00876959632949624,True,0.23550092543830473,0.48477938036127616,-0.16742017213854762,-0.8126750388975031,0.44786910579942074,0.6135440172493762,-0.3665999125849444
previous_solution,59,0.6459845900535583,0.11239087866206707,0.8162312238975544,0.6459997296333313,0.11239659786224365,0.8162477612495422,2.313871511407009e-05,4.312695709987841e-06,0.00861261419978701,True,0.2350483315654516,0.48328588138442585,-0.16594064123602406,-0.8189180296543026,0.4491625055193684,0.6090087616248102,-0.3694871900655568
previous_solution,60,0.6459845900535583,0.11234976470470429,0.8146611452102661,0.6459994316101074,0.1123550683259964,0.8146772980690002,2.2568009325021412e-05,4.453528072251448e-06,0.008439707782321617,True,0.23475425435214123,0.48186217230914974,-0.16454033046795286,-0.8250636280079585,0.45034302817130145,0.6044649119892612,-0.3721975010991336
previous_solution,61,0.6459845900535583,0.11239087866206707,0.8130910665229778,0.6459990739822388,0.1123957484960556,0.8131067156791687,2.1872255544012176e-05,4.156115242186416e-06,0.008252197057854934,True,0.23462169269985536,0.48051120449957035,-0.16322478595207218,-0.831097007509438,0.4514056219411674,0.5999233312779549,-0.37472112611253966
previous_solution,62,0.6459845900535583,0.11251410784365609,0.8115252913122365,0.6459987163543701,0.11251851916313171,0.8115404844284058,2.1209500066558427e-05,4.076495827618997e-06,0.008051566328431271,True,0.23465336499425257,0.4792356434120665,-0.16199955264625548,-0.8370038259206825,0.4523454630119461,0.5953948781075901,-0.3770487367688422
previous_solution,63,0.6459845900535583,0.11271911448685015,0.8099681112590592,0.6459982991218567,0.11272305250167847,0.8099827766418457,2.0457760548773724e-05,3.948329725666496e-06,0.007839480206429035,True,0.23485168220634012,0.4780378749715106,-0.1608701485200373,-0.8427702375500906,0.45315798994947576,0.5908903988970157,-0.3791714428743571
previous_solution,64,0.6459845900535583,0.11300533668269011,0.8084237944857333,0.6459978818893433,0.1130087822675705,0.8084378838539124,1.9673719764840814e-05,3.5921380933097336e-06,0.007617802606948685,True,0.23521872020342985,0.47692001243919824,-0.15984203471371158,-0.8483829032889855,0.45383893940737563,0.5864207172840226,-0.38108084132541814
previous_solution,65,0.6459845900535583,0.11337198991603223,0.8068965738571905,0.6459974646568298,0.11337493360042572,0.8069100975990295,1.890270564061852e-05,3.67113325017405e-06,0.007388616022626945,True,0.2357561910295639,0.4758839039010282,-0.1589205835349976,-0.8538290004799451,0.45438438145154414,0.5819966242664959,-0.38276906465146193
previous_solution,66,0.6459845900535583,0.11381806921584968,0.8053906353790177,0.6459969878196716,0.11382048577070236,0.8054035305976868,1.805078963589796e-05,3.334931809121072e-06,0.0071542443855674605,True,0.2364654129166141,0.4749311408553807,-0.15811104238892465,-0.8590962318120939,0.4547907558504697,0.5776288653722761,-0.38422883139259134
previous_solution,67,0.6459845900535583,0.11434235190978823,0.8039101067239072,0.6459965109825134,0.11434422433376312,0.8039223551750183,1.719415811593571e-05,3.059640590599024e-06,0.006917273930273075,True,0.23734727992452742,0.4740630668006315,-0.15741849509529174,-0.8641728335823411,0.4550549076552391,0.5733281270790397,-0.38545349596372624
previous_solution,68,0.6459845900535583,0.11494340097542625,0.8024590459179921,0.6459959745407104,0.11494472622871399,0.8024706244468689,1.6291874506746627e-05,2.8148605084703797e-06,0.0066805722182553375,True,0.23840223116298553,0.4732807858394657,-0.15684782030338168,-0.8690475832510725,0.4551741221316918,0.5691050215973364,-0.38643709826836586
previous_solution,69,0.6459845900535583,0.11561956897905325,0.8010414302180797,0.6459954380989075,0.11562032252550125,0.8010523319244385,1.539789341690763e-05,2.905382539500001e-06,0.006447302242469851,True,0.23963021957708644,0.47258517232968006,-0.15640364676146112,-0.8737098064282776,0.4551461591771491,0.5649700679164514,-0.38717441336131625
previous_solution,70,0.6459845900535583,0.11636900259117113,0.7996611452102661,0.6459949016571045,0.11636918038129807,0.7996712923049927,1.4468044387966206e-05,2.786796028032757e-06,0.006220921357354976,True,0.24103068108357523,0.47197687973249425,-0.15609030726039336,-0.8781493836558738,0.45496928528304664,0.5609336743266916,-0.38766099843184104
previous_solution,71,0.6459845900535583,0.11718964766634156,0.7983219741598153,0.6459943652153015,0.11718924343585968,0.7983313798904419,1.3571475896424433e-05,2.402000627471339e-06,0.006005165081338959,True,0.24260250392134142,0.4714563500421032,-0.15591178983619833,-0.8823567569717461,0.45464230443078896,0.5570061154848083,-0.38789323933731684
previous_solution,72,0.6459845900535583,0.11807925487345586,0.797027587641492,0.6459938287734985,0.11807825416326523,0.7970362305641174,1.269076351244603e-05,2.3420909290778186e-06,0.005803996755856089,True,0.24434399939234502,0.4710238231331598,-0.15587168814387886,-0.8863229365431006,0.4541645858082343,0.5531975105683786,-0.3878683936182131
previous_solution,73,0.6459845900535583,0.11903538586099516,0.795781533478771,0.6459932327270508,0.11903378367424011,0.7957894206047058,1.1809723240036358e-05,2.416746012296024e-06,0.005621518347504704,True,0.24625287332535759,0.47067934542890005,-0.15597315165669803,-0.8900395051100685,0.45353608880074725,0.5495177962904945,-0.3875846304462317
previous_solution,74,0.6459845900535583,0.12005541994038245,0.7945872270195004,0.645992636680603,0.12005321681499481,0.7945942878723145,1.0929666542588474e-05,2.4112270600998413e-06,0.005461828139213391,True,0.24832620033027064,0.47042277894470763,-0.1562188347930379,-0.8934986253273733,0.45275738446714586,0.5459767031061187,-0.38704106708162805
previous_solution,75,0.6459845900535583,0.12113656126910785,0.7934479417746697,0.6459920406341553,0.12113375216722488,0.7934541702270508,1.0109195006698233e-05,2.3475832454334626e-06,0.005328825047540159,True,0.25056040025197424,0.4702538098382748,-0.15661084804982625,-0.896693044225877,0.45182967297687865,0.5425837245181067,-0.3862378001660109
previous_solution,76,0.6459845900535583,0.12227584651393852,0.7923668004459443,0.6459914445877075,0.12227241694927216,0.7923722267150879,9.391003621627152e-06,2.6485530311459907e-06,0.005225961096596069,True,0.252951216939879,0.47017195637693704,-0.15715071099283412,-0.8996160980242357,0.45075479669582835,0.5393480876244469,-0.3851759318472775
previous_solution,77,0.6459845900535583,0.12347015297320915,0.791346766366557,0.6459908485412598,0.1234661340713501,0.7913514375686646,8.782959045287653e-06,2.4798684194941582e-06,0.005155971464071777,True,0.25549370247990266,0.47017657655944933,-0.15783930712491795,-0.9022617177662916,0.4495352483040259,0.5362787236021179,-0.3838575899201529
previous_solution,78,0.6459845900535583,0.1247162071359301,0.7903906353790177,0.645990252494812,0.12471158057451248,0.7903944849967957,8.26364741133072e-06,2.816280044300181e-06,0.005120620023732782,True,0.25818220460753727,0.4702668758264395,-0.1586768425438673,-0.904624433286696,0.44817417435691154,0.5333842354332461,-0.3822859418927843
previous_solution,79,0.6459845900535583,0.12601059365425346,0.7895010281719034,0.6459896564483643,0.1260053813457489,0.7895040512084961,7.872437139600498e-06,3.067902657120019e-06,0.0051205129970603395,True,0.26101035926364435,0.47044191334183827,-0.1596628103448567,-0.9066993774620888,0.44667537269598523,0.5306728655996532,-0.3804652008805838
previous_solution,80,0.6459845900535583,0.12734976470470427,0.7886803830967329,0.6459890007972717,0.12734396755695343,0.7886825799942017,7.6084124913324795e-06,3.2395549396759696e-06,0.005155022857553898,True,0.2639710892947723,0.4707006085638758,-0.16079595943867203,-0.9084822900502006,0.44504328484929684,0.5281524637855834,-0.37840062467287455
previous_solution,81,0.6459845900535583,0.1287300497125179,0.7879309494846151,0.645988404750824,0.12872368097305298,0.7879323363304138,7.552224762931127e-06,3.4951403383209994e-06,0.0052223442100068585,True,0.2670566087625574,0.4710417468701485,-0.1620742704328347,-0.9099695210663296,0.44328298263927735,0.5258304545967654,-0.37609850658706384
previous_solution,82,0.6459845900535583,0.13014766541243025,0.787254781480988,0.6459878087043762,0.1301407516002655,0.7872553467750549,7.647226236935844e-06,3.7716131256958766e-06,0.005319670505059386,True,0.27025843451205334,0.47146398486179075,-0.16349493920998956,-0.9111580337829405,0.4414001487329844,0.5237138055649728,-0.3735661574136136
previous_solution,83,0.6459845900535583,0.13159872621834526,0.7866537324153501,0.6459871530532837,0.13159127533435822,0.7866535186767578,7.882279109895344e-06,3.999289559654962e-06,0.005443447532147056,True,0.2735674038945192,0.47196585506348765,-0.16505436704761384,-0.9120454071825413,0.43940105281325015,0.5218089963501755,-0.37081188081355354
previous_solution,84,0.6459845900535583,0.13307925487345587,0.7861294497214115,0.6459865570068359,0.13307128846645355,0.7861284613609314,8.264950221355387e-06,4.2541184139392e-06,0.005589661324207505,True,0.2769737004903315,0.47254577030166556,-0.1667481618772051,-0.9126298381048648,0.43729252071898056,0.5201219884901724,-0.3678449376059351
previous_solution,85,0.6459845900535583,0.13458519335162863,0.7856833704215941,0.6459859609603882,0.1345767378807068,0.7856816053390503,8.745849897676924e-06,4.531717270562572e-06,0.005754103244605166,True,0.2804668871941522,0.47320202744675177,-0.16857114598127365,-0.9129101426355835,0.4350819000547677,0.5186581972431238,-0.3646755043519069
previous_solution,86,0.6459845900535583,0.1361124139801715,0.7853167171882519,0.6459853053092957,0.13610349595546722,0.7853142023086548,9.293404907978348e-06,4.732567507134844e-06,0.0059325929824541445,True,0.28403594570588375,0.4739328110927459,-0.17051737515271337,-0.9128857573227442,0.43277702025634485,0.5174224647267086,-0.36131462236506184
previous_solution,87,0.6459845900535583,0.13765673075349735,0.785030494992412,0.6459847092628479,0.1376473754644394,0.7850271463394165,9.937259234650556e-06,4.952030509592301e-06,0.00612114205959263,True,0.28766932493310116,0.4747361965650477,-0.17258016546675053,-0.9125567393425088,0.4303861488620103,0.5164190355390148,-0.3577741401354967
previous_solution,88,0.6459845900535583,0.13921391080667467,0.784825488349218,0.6459841132164001,0.13920415937900543,0.7848213911056519,1.0587970537532843e-05,5.149596399427948e-06,0.006316062917864032,True,0.2913549944541242,0.47561015311856014,-0.17475213169306378,-0.9119237669469156,0.42791794338374645,0.5156515343283373,-0.3540666472934753
previous_solution,89,0.6459845900535583,0.14077968601741594,0.7847022591676289,0.6459835171699524,0.14076954126358032,0.7846974730491638,1.1268275803304279e-05,5.2382615530566395e-06,0.006514028426676377,True,0.2950805055969577,0.4765525466176258,-0.17702523146094595,-0.9109881384039729,0.4253814014565179,0.5151229462932879,-0.35020540475038253
previous_solution,90,0.6459845900535583,0.14234976470470428,0.7846611452102661,0.6459828615188599,0.142339289188385,0.7846556305885315,1.1963917721002011e-05,5.584338142887782e-06,0.006712102559323538,True,0.29883305836542207,0.47756114226048363,-0.17939082071722146,-0.9097517711145531,0.42278580682666284,0.5148356001879532,-0.3462042664816596
previous_solution,91,0.6459845900535583,0.14391984339199257,0.7847022591676289,0.6459822654724121,0.1439090520143509,0.784696102142334,1.2639876162102455e-05,5.71692132953983e-06,0.006907740923888513,True,0.3025995723291809,0.4786336073845212,-0.1818397150164678,-0.908217200006175,0.4201406748892666,0.5147911542469339,-0.34207759886642325
previous_solution,92,0.6459845900535583,0.14548561860273387,0.784825488349218,0.6459816694259644,0.14547456800937653,0.7848186492919922,1.3319849204457517e-05,5.779499459996994e-06,0.007098780813746856,True,0.3063667629105902,0.47976751410007423,-0.1843622579314692,-0.9063875752736519,0.4174556964055678,0.5149905850695968,-0.33784019539323973
previous_solution,93,0.6459845900535583,0.14704279865591122,0.785030494992412,0.6459810733795166,0.1470315158367157,0.785023033618927,1.397644803219329e-05,5.872343256597134e-06,0.007283420763723885,True,0.31012122059125957,0.48096034212756883,-0.18694839550170889,-0.9042666597071218,0.4147406805702258,0.5154341795652415,-0.33350718842266475
previous_solution,94,0.6459845900535583,0.14858711542923705,0.7853167171882519,0.6459804773330688,0.14857563376426697,0.7853086590766907,1.4617669521624718e-05,6.073388656275387e-06,0.0074601930569978036,True,0.3138494913687668,0.4822094817797591,-0.18958775425232893,-0.9018588257342811,0.4120054990144568,0.5161215297469512,-0.3290939605658649
previous_solution,95,0.6459845900535583,0.1501143360577799,0.7856833704215941,0.6459798812866211,0.15010270476341248,0.7856746912002563,1.5257404030852287e-05,6.130157333832609e-06,0.007627938671786251,True,0.31753815996494045,0.48351223696616125,-0.19226972366278347,-0.8991690517923521,0.4092600292352536,0.5170515307260662,-0.32461605353406203
previous_solution,96,0.6459845900535583,0.1516202745359527,0.7861294497214115,0.6459792852401733,0.15160852670669556,0.7861202359199524,1.5844452487636853e-05,6.130157333832609e-06,0.007785774724117888,True,0.3211739314983621,0.48486582836806075,-0.19498353866689933,-0.8962029183456887,0.406514100880709,0.5182223812838068,-0.3200890798571622
previous_solution,97,0.6459845900535583,0.15310080319106328,0.7866537324153501,0.6459787487983704,0.15308897197246552,0.786643922328949,1.6441891341222938e-05,6.238730216007938e-06,0.007933067996633666,True,0.3247437130161594,0.48626739683008086,-0.19771836443387045,-0.8929666035965407,0.40377744249239084,0.5196315875603444,-0.3155286339354074
previous_solution,98,0.6459845900535583,0.1545518639969783,0.787254781480988,0.6459781527519226,0.15453998744487762,0.7872444987297058,1.697722934054791e-05,6.145640659797629e-06,0.008069403371186685,True,0.32823469248070714,0.4877140066252032,-0.20046337863587085,-0.8894668787005351,0.4010596316273769,0.5212759690006253,-0.31095020738148654
previous_solution,99,0.6459845900535583,0.15596947969689068,0.7879309494846151,0.6459775567054749,0.15595759451389313,0.7879201173782349,1.7551640629320905e-05,6.212551265631534e-06,0.008194556827938262,True,0.3316344147372508,0.48920264898692034,-0.20320785332859284,-0.885711102984382,0.3983700466308441,0.5231516672309302,-0.3063691059604533
previous_solution,100,0.6459845900535583,0.15734976470470427,0.7886803830967329,0.6459769606590271,0.15733790397644043,0.7886690497398376,1.8092250119270045e-05,6.118410253779169e-06,0.008308464876910225,True,0.3349308534975147,0.49073024541500954,-0.20594123166964645,-0.8817072183467753,0.3957178224916012,0.5252541567472232,-0.3018003725620089
previous_solution,101,0.6459845900535583,0.15868893575515508,0.7895010281719034,0.6459764242172241,0.1586771458387375,0.7894892692565918,1.854602656840739e-05,6.2610416650839136e-06,0.008411197733816976,True,0.3381124785586263,0.4922936509136326,-0.20865320153190528,-0.8774637438059109,0.39311180925562894,0.5275782580242117,-0.29725871382425434
previous_solution,102,0.6459845900535583,0.15998332227347847,0.7903906353790177,0.6459758281707764,0.15997162461280823,0.7903783917427063,1.9066003387345282e-05,6.00367026312218e-06,0.008502931805850199,True,0.34116831764482575,0.49388965711942834,-0.21133376366457043,-0.8729897695968534,0.39056053399434726,0.5301181525371177,-0.2927584324109038
previous_solution,103,0.6459845900535583,0.1612293764361994,0.791346766366557,0.6459752917289734,0.1612178087234497,0.7913340926170349,1.9516524928755503e-05,5.900634053276806e-06,0.008583921944721453,True,0.3440880117496832,0.4955149951137194,-0.2139732931233137,-0.8682949510676652,0.38807216697420954,0.5328673993151096,-0.2883133661984999
previous_solution,104,0.6459845900535583,0.16242368289547002,0.7923668004459443,0.6459747552871704,0.16241228580474854,0.7923537492752075,1.9923588141199292e-05,5.948531603755592e-06,0.00865447712531044,True,0.3468618648950604,0.49716633779852043,-0.21656259457497654,-0.8633895021675305,0.38565449097182536,0.5358189531207449,-0.2839368330570423
previous_solution,105,0.6459845900535583,0.1635629681403007,0.7934479417746697,0.6459741592407227,0.16355174779891968,0.7934345006942749,2.0380396446078912e-05,5.8044183166367755e-06,0.008714935274895641,True,0.34948088645365655,0.49884030194719375,-0.21909295003096013,-0.8582841887872802,0.38331487488279997,0.5389651838918853,-0.2796415831229059
previous_solution,106,0.6459845900535583,0.1646441094690261,0.7945872270195004,0.6459735631942749,0.164633110165596,0.7945733666419983,2.084913346170476e-05,5.759332536166304e-06,0.008765641590144159,True,0.3519368272314314,0.5005334497188837,-0.2215561594177232,-0.8529903215617226,0.38106025078763406,0.5422978973875124,-0.2754397575355164
previous_solution,107,0.6459845900535583,0.1656641435484134,0.795781533478771,0.6459730863571167,0.16565337777137756,0.7957673668861389,2.118795256297517e-05,5.600299666667072e-06,0.008806927893949575,True,0.3542222082155493,0.5022422897027994,-0.22394457383470157,-0.8475197487418039,0.37889709477879174,0.5458083570717736,-0.2713428541833059
previous_solution,108,0.6459845900535583,0.1666202745359527,0.797027587641492,0.6459725499153137,0.1666097790002823,0.7970130443572998,2.1601581262780108e-05,5.414516901578537e-06,0.008839094019185569,True,0.35633034311322603,0.5039632772156385,-0.22625112011709536,-0.8418848478243252,0.37683141201022385,0.5494873061341824,-0.2673617014975795
previous_solution,109,0.6459845900535583,0.167509881743067,0.7983219741598153,0.6459720730781555,0.16749967634677887,0.7983071208000183,2.194190246747417e-05,5.294674254476041e-06,0.008862393681470895,True,0.35825535418274623,0.5056928142157163,-0.22846931945506438,-0.8360985172506957,0.3748687245241408,0.5533249910568119,-0.26350643777517707
previous_solution,110,0.6459845900535583,0.16833052681823743,0.7996611452102661,0.6459715962409973,0.16832061111927032,0.7996460199356079,2.2269579797635463e-05,5.167588641399277e-06,0.008877020901305691,True,0.359992181488103,0.5074272485926946,-0.23059329789198857,-0.8301741672692882,0.37301406325956443,0.5573111852786311,-0.25978649846082885
previous_solution,111,0.6459845900535583,0.1690799604303553,0.8010414302180797,0.6459711194038391,0.16907036304473877,0.8010260462760925,2.2588357301853524e-05,5.099246161459059e-06,0.008883101702061962,True,0.3615365866484464,0.5091628729803319,-0.23261779068601082,-0.8241257098821905,0.3712719629054305,0.5614352137439504,-0.2562106091628084
previous_solution,112,0.6459845900535583,0.1697561284339823,0.8024590459179921,0.6459707021713257,0.16974689066410065,0.8024433851242065,2.287946955872891e-05,4.671650685665764e-06,0.0088806879913116,True,0.3628851512957072,0.5108959230652753,-0.23453814016643687,-0.8179675475593601,0.3696464600129018,0.5656859776239345,-0.252786785064528
previous_solution,113,0.6459845900535583,0.17035717749962032,0.8039101067239071,0.6459702849388123,0.17034828662872314,0.8038942217826843,2.315200317162083e-05,4.540919531522989e-06,0.008869754670471163,True,0.36403526965040883,0.5126225757241888,-0.23635028818224044,-0.811714561446964,0.36814109416333207,0.5700519800302407,-0.24952233607977295
previous_solution,114,0.6459845900535583,0.17088146019355888,0.8053906353790177,0.6459698677062988,0.17087294161319733,0.8053745627403259,2.34017827252855e-05,4.566081495555001e-06,0.00885020079509048,True,0.3649851375026969,0.5143389468030641,-0.2380507631257372,-0.8053820971634598,0.3667589118378326,0.5745213515605342,-0.24642387731706972
previous_solution,115,0.6459845900535583,0.1713275394933763,0.8068965738571905,0.6459695100784302,0.1713193953037262,0.8068803548812866,2.359636951511237e-05,4.440446026848078e-06,0.008821853257422812,True,0.3657337362359681,0.5160410889912744,-0.2396366628980065,-0.7989859497660804,0.36550247288160714,0.5790818769974293,-0.243497344201729
previous_solution,116,0.6459845900535583,0.17169419272671846,0.8084237944857333,0.6459692120552063,0.17168645560741425,0.8084074258804321,2.375451721145573e-05,4.446842063331205e-06,0.008784474450909557,True,0.3662808137911547,0.5177249898469848,-0.24110563417612202,-0.7925423461400055,0.3643738591085431,0.5837210225698949,-0.2407480114757278
previous_solution,117,0.6459845900535583,0.17198041492255842,0.8099681112590592,0.6459689140319824,0.1719730794429779,0.8099516034126282,2.3917690250433814e-05,4.257874810621586e-06,0.00873777127046057,True,0.366626861858759,0.5193865702476276,-0.24245584799549622,-0.7860679253010956,0.363374685606419,0.5884259634096655,-0.23818051667893364
previous_solution,118,0.6459845900535583,0.17218542156575248,0.8115252913122365,0.6459686756134033,0.1721784919500351,0.8115087151527405,2.4001209200288812e-05,4.163054828321962e-06,0.008681408520575721,True,0.3667730907790699,0.5210216831896938,-0.2436859734897344,-0.7795797160315124,0.36250611342640443,0.5931836125166234,-0.2357988857763032
previous_solution,119,0.6459845900535583,0.1723086507473415,0.8130910665229778,0.6459684371948242,0.17230215668678284,0.8130744695663452,2.4052996430556138e-05,3.794855056128251e-06,0.008615023387040526,True,0.3667214015517274,0.5226261139170263,-0.24479514909347536,-0.7730951110567882,0.36176886463315516,0.5979806498396391,-0.2336065620856685
previous_solution,120,0.6459845900535583,0.17234976470470428,0.8146611452102661,0.6459682583808899,0.17234370112419128,0.8146445155143738,2.4083964089384497e-05,3.8346684232877e-06,0.008538242886080781,True,0.36647435603484635,0.5241955806846461,-0.24578295300537895,-0.766631838393047,0.36116323844101694,0.6028035533280052,-0.23160643635894487
